"","gene","n_TE_hits","repeat_classes"
"1","AL1G23620",1,"SINE/tRNA"
"2","AL1G23630",1,"SINE/tRNA"
"3","AL1G24180",1,"SINE/tRNA"
"4","AL1G35130",1,"LTR/Copia"
"5","AL1G35270",1,"LTR/Copia"
"6","AL1G59840",3,"DNA/Helitron, DNA/MULE-MuDR, LTR/unknown"
"7","AL1G65230",2,"LTR/Copia, DNA/Helitron"
"8","AL2G10190",1,"LTR/Copia"
"9","AL2G11060",1,"DNA/Helitron"
"10","AL2G11070",2,"DNA/Helitron"
"11","AL2G12500",2,"LTR/unknown"
"12","AL2G12830",3,"LINE/unknown, DNA/Helitron"
"13","AL2G13120",1,"DNA/Helitron"
"14","AL2G13130",3,"DNA/Helitron"
"15","AL2G13170",3,"LINE/unknown, DNA/Helitron"
"16","AL2G15130",2,"LTR/Copia"
"17","AL2G18220",2,"DNA/Helitron"
"18","AL2G18240",3,"LTR/Gypsy, DNA/Helitron"
"19","AL4G22780",2,"DNA/Helitron"
"20","AL5G18790",3,"LTR/Ty3, LTR/unknown"
"21","AL5G19550",2,"DNA/Helitron, LINE/L1"
"22","AL5G35460",1,"LTR/Copia"
"23","AL6G27650",1,"LINE/L1"
"24","AL6G31950",1,"LINE/L1"
"25","AL6G37960",2,"LINE/L1, DNA/Helitron"
"26","AL6G37970",1,"LINE/L1"
"27","AL6G37980",1,"DNA/Helitron"
"28","AL6G43420",1,"LINE/L1"
"29","AL6G43560",2,"LINE/unknown, DNA/Helitron"
"30","AL6G46470",2,"LINE/L1, DNA/Helitron"
"31","AL7G34270",1,"DNA/Helitron"
"32","AL7G34280",2,"DNA/Helitron, LTR/Ty3"
"33","AL7G45500",1,"LTR/Copia"
"34","AL7G47550",1,"DNA/Helitron"
"35","AL7G47570",1,"DNA/Helitron"
"36","AL7G47590",3,"LTR/Copia"
"37","AL7G50290",1,"DNA/Helitron"
"38","AL7G50960",1,"DNA/Helitron"
"39","AL7G51070",1,"DNA/Helitron"
"40","AL7G51140",2,"LTR/Copia, SINE/tRNA"
"41","AL7G52290",6,"DNA/MULE-MuDR, DNA/Helitron, LINE/L1"
"42","AL7G52310",1,"LINE/L1"
"43","AL7G52380",5,"LINE/L1, DNA/Helitron"
"44","AL7G52410",7,"LINE/L1, LTR/Copia, LTR/Ty3"
"45","AL84U10010",1,"DNA/Helitron"
"46","AL8G14230",2,"LTR/Copia"
"47","AL8G14370",2,"LTR/Copia"
"48","AL8G19420",1,"LTR/unknown"
"49","AL8G19430",1,"LTR/unknown"
"50","AL8G21140",1,"DNA/Helitron"
"51","AL8G22560",2,"DNA/Helitron"
"52","AL1G59840",1,"LTR/unknown"
"53","AL1G65230",1,"LTR/Copia"
"54","AL2G10190",1,"LTR/Copia"
"55","AL2G11060",1,"DNA/Helitron"
"56","AL2G12460",1,"LINE/unknown"
"57","AL2G12500",3,"LINE/unknown, LINE/L1"
"58","AL2G13140",2,"LINE/unknown, LINE/L1"
"59","AL2G15130",1,"DNA/Helitron"
"60","AL2G18220",1,"LTR/Copia"
"61","AL2G18240",1,"LTR/Copia"
"62","AL3G50380",1,"SINE/tRNA"
"63","AL4G23850",1,"DNA/Helitron"
"64","AL4G42610",1,"DNA/Helitron"
"65","AL5G18790",2,"LTR/unknown"
"66","AL5G35460",1,"LTR/Copia"
"67","AL6G30030",2,"DNA/Helitron"
"68","AL6G30040",2,"DNA/Helitron"
"69","AL6G37970",1,"LTR/Ty3"
"70","AL6G41690",1,"DNA/Helitron"
"71","AL6G41700",1,"DNA/Helitron"
"72","AL6G43560",1,"LINE/unknown"
"73","AL6G46470",2,"LINE/L1"
"74","AL6G51870",1,"DNA/Helitron"
"75","AL7G34270",1,"DNA/Helitron"
"76","AL7G34280",2,"DNA/Helitron, LTR/Ty3"
"77","AL7G47870",3,"SINE/tRNA, LTR/Copia, DNA/Helitron"
"78","AL7G47890",2,"LTR/Ty3"
"79","AL7G50290",2,"DNA/Helitron"
"80","AL7G50960",2,"DNA/Helitron"
"81","AL7G51070",2,"DNA/Helitron"
"82","AL7G51140",2,"SINE/tRNA"
"83","AL7G52360",3,"DNA/Helitron"
"84","AL84U10010",1,"DNA/Helitron"
"85","AL8G13580",1,"DNA/MULE-MuDR"
"86","AL8G14230",2,"LTR/Copia"
"87","AL8G14370",2,"DNA/Helitron"
"88","AL8G19410",1,"LINE/unknown"
"89","AL8G19420",1,"LTR/unknown"
"90","AL8G19430",1,"LTR/unknown"
"91","AL8G22560",1,"LINE/L1"
"92","AL1G17600",1,"LTR/Copia"
"93","AL1G37850",2,"DNA/Helitron"
"94","AL1G59830",5,"DNA/Helitron, LTR/unknown, SINE/tRNA"
"95","AL1G59840",1,"LTR/unknown"
"96","AL2G11040",4,"DNA/Helitron"
"97","AL2G11490",1,"LTR/Ty3"
"98","AL2G11960",1,"LINE/unknown"
"99","AL2G12810",1,"LTR/Copia"
"100","AL2G12830",1,"LTR/Copia"
"101","AL2G13150",1,"DNA/Helitron"
"102","AL2G15130",1,"LTR/Ty3"
"103","AL2G18220",2,"LTR/Copia"
"104","AL2G18240",2,"LTR/Copia"
"105","AL2G18840",1,"DNA/MULE-MuDR"
"106","AL2G35840",1,"DNA/Helitron"
"107","AL3G41080",1,"DNA/Helitron"
"108","AL3G46810",2,"LTR/Copia, DNA/Helitron"
"109","AL3G47160",7,"LTR/Gypsy, DNA/MULE-MuDR, LTR/Copia, LTR/Ty3"
"110","AL496U10010",1,"LINE/L1"
"111","AL496U10020",1,"LINE/L1"
"112","AL4G22780",4,"LINE/L1, DNA/Helitron, SINE/tRNA"
"113","AL4G42610",1,"DNA/Helitron"
"114","AL5G18790",4,"LTR/unknown"
"115","AL5G18800",6,"DNA/Helitron"
"116","AL5G35460",1,"LTR/Ty3"
"117","AL6G28990",1,"SINE/unknown"
"118","AL6G30010",1,"LTR/Copia"
"119","AL6G30020",1,"LTR/Copia"
"120","AL6G30040",4,"DNA/Helitron"
"121","AL6G30050",4,"DNA/Helitron"
"122","AL6G32102",2,"LINE/unknown, LINE/L1"
"123","AL6G37970",1,"LINE/L1"
"124","AL6G41670",1,"LINE/L1"
"125","AL6G41680",2,"DNA/Helitron"
"126","AL6G41690",3,"DNA/Helitron, LINE/L1"
"127","AL6G41700",4,"DNA/Helitron, LINE/L1"
"128","AL6G43560",2,"LINE/unknown, DNA/Helitron"
"129","AL6G45960",2,"SINE/tRNA, LTR/Copia"
"130","AL6G46350",1,"SINE/tRNA"
"131","AL6G46470",2,"LINE/L1"
"132","AL6G51840",4,"DNA/Helitron, LINE/L1"
"133","AL6G51870",4,"DNA/Helitron, LINE/L1"
"134","AL7G34270",1,"DNA/Helitron"
"135","AL7G45500",1,"LTR/Copia"
"136","AL7G47550",1,"DNA/Helitron"
"137","AL7G47570",4,"DNA/Helitron"
"138","AL7G47590",1,"LINE/unknown"
"139","AL7G47600",2,"DNA/Helitron"
"140","AL7G47870",3,"SINE/tRNA, LTR/Copia, DNA/Helitron"
"141","AL7G48670",1,"LINE/unknown"
"142","AL7G50290",1,"SINE/tRNA"
"143","AL7G50960",2,"SINE/tRNA, LTR/unknown"
"144","AL7G51070",2,"SINE/tRNA, LTR/unknown"
"145","AL7G51140",2,"LTR/Copia, SINE/tRNA"
"146","AL7G52290",6,"LINE/L1, DNA/Helitron"
"147","AL7G52310",1,"LINE/L1"
"148","AL7G52360",17,"LTR/Gypsy, DNA/Helitron, LINE/L1"
"149","AL7G52380",5,"LINE/L1, DNA/Helitron"
"150","AL7G52410",6,"LINE/L1, DNA/Helitron"
"151","AL84U10010",1,"DNA/Helitron"
"152","AL8G13740",13,"DNA/Helitron, LTR/Copia"
"153","AL8G22560",1,"LINE/L1"
"154","AL1G23630",1,"SINE/tRNA"
"155","AL1G23970",1,"DNA/Helitron"
"156","AL1G24080",1,"DNA/Helitron"
"157","AL1G59840",1,"LTR/unknown"
"158","AL1G65230",2,"LTR/Copia, DNA/Helitron"
"159","AL2G10190",1,"LTR/Copia"
"160","AL2G11060",1,"DNA/Helitron"
"161","AL2G12830",2,"DNA/Helitron"
"162","AL2G13120",1,"DNA/Helitron"
"163","AL2G13130",3,"DNA/Helitron, LINE/unknown"
"164","AL2G13150",2,"DNA/Helitron, LINE/unknown"
"165","AL2G18240",1,"LTR/Gypsy"
"166","AL2G29280",2,"DNA/Helitron"
"167","AL2G29310",1,"DNA/Helitron"
"168","AL3G41080",3,"SINE/tRNA, LTR/Copia, DNA/Helitron"
"169","AL3G46810",3,"LINE/unknown, DNA/Helitron"
"170","AL3G50380",1,"SINE/tRNA"
"171","AL41U10050",1,"SINE/tRNA"
"172","AL4G23910",1,"DNA/Helitron"
"173","AL4G42610",1,"DNA/Helitron"
"174","AL5G18790",4,"LTR/unknown"
"175","AL5G18800",1,"DNA/Helitron"
"176","AL6G30010",1,"LTR/unknown"
"177","AL6G30020",2,"LTR/unknown"
"178","AL6G32090",1,"LINE/L1"
"179","AL6G32102",1,"DNA/Helitron"
"180","AL6G37940",2,"LTR/Gypsy, LTR/Copia"
"181","AL6G37970",2,"LTR/unknown, LTR/Ty3"
"182","AL6G40190",2,"DNA/MULE-MuDR"
"183","AL6G43560",1,"LINE/unknown"
"184","AL6G46470",1,"LINE/L1"
"185","AL7G34270",1,"LINE/L1"
"186","AL7G34280",2,"DNA/Helitron, LTR/Ty3"
"187","AL7G45500",1,"LTR/Copia"
"188","AL7G47570",5,"DNA/MULE-MuDR, DNA/Helitron"
"189","AL7G47600",2,"DNA/Helitron, DNA/MULE-MuDR"
"190","AL7G47870",2,"SINE/tRNA, DNA/Helitron"
"191","AL7G48260",1,"LINE/L1"
"192","AL7G48650",1,"SINE/tRNA"
"193","AL7G48660",1,"SINE/tRNA"
"194","AL7G50290",1,"DNA/Helitron"
"195","AL7G50960",4,"DNA/Helitron"
"196","AL7G51070",1,"DNA/Helitron"
"197","AL7G51140",1,"DNA/Helitron"
"198","AL7G52290",3,"LINE/L1"
"199","AL7G52310",3,"LINE/L1"
"200","AL7G52360",7,"SINE/tRNA, DNA/Helitron, LINE/L1"
"201","AL7G52380",3,"LINE/L1"
"202","AL7G52410",11,"LTR/Ty3, LTR/Gypsy, LINE/L1"
"203","AL84U10010",1,"DNA/Helitron"
"204","AL8G13580",2,"LINE/L1, DNA/MULE-MuDR"
"205","AL8G14370",2,"LINE/L1, DNA/Helitron"
"206","AL8G19400",2,"DNA/Helitron"
"207","AL8G19430",1,"LTR/unknown"
"208","AL8G19452",1,"LTR/unknown"
"209","AL8G22560",1,"LINE/L1"
"210","AL1G24080",1,"LINE/unknown"
"211","AL1G59840",1,"LTR/unknown"
"212","AL1G65230",1,"LTR/Copia"
"213","AL2G10190",1,"LTR/Copia"
"214","AL2G11030",1,"LINE/L1"
"215","AL2G11060",1,"LINE/L1"
"216","AL2G11490",2,"DNA/Helitron"
"217","AL2G13150",1,"LINE/unknown"
"218","AL2G13170",1,"LINE/unknown"
"219","AL2G18220",2,"LTR/Copia"
"220","AL2G18240",3,"SINE/tRNA, LTR/Copia"
"221","AL2G35840",1,"SINE/tRNA"
"222","AL3G46810",1,"DNA/Helitron"
"223","AL496U10010",4,"LINE/L1, LINE/unknown, DNA/Helitron"
"224","AL496U10020",6,"DNA/Helitron, LINE/L1, LINE/unknown"
"225","AL4G23730",3,"LTR/unknown"
"226","AL5G18790",2,"LTR/unknown"
"227","AL6G32070",1,"LTR/Ty3"
"228","AL6G37940",1,"LTR/Copia"
"229","AL6G37960",2,"DNA/Helitron"
"230","AL6G37980",2,"DNA/Helitron"
"231","AL6G41670",4,"DNA/Helitron"
"232","AL6G41690",7,"DNA/Helitron, LINE/L1, LINE/unknown"
"233","AL6G41700",7,"DNA/Helitron, LINE/L1, LINE/unknown"
"234","AL6G46470",2,"LINE/L1"
"235","AL6G51840",7,"DNA/Helitron, LINE/L1, LINE/unknown"
"236","AL6G51870",8,"DNA/Helitron, LINE/L1, LINE/unknown"
"237","AL7G34270",1,"LINE/L1"
"238","AL7G34280",2,"DNA/Helitron, LTR/Ty3"
"239","AL7G45500",1,"LTR/Copia"
"240","AL7G47570",2,"LTR/Copia, DNA/MULE-MuDR"
"241","AL7G47590",3,"LTR/Gypsy, DNA/Helitron"
"242","AL7G47600",3,"LTR/Gypsy, DNA/Helitron"
"243","AL7G47870",1,"DNA/Helitron"
"244","AL7G48260",1,"LINE/L1"
"245","AL7G48650",2,"DNA/Helitron"
"246","AL7G50290",1,"DNA/Helitron"
"247","AL7G50960",1,"DNA/Helitron"
"248","AL7G51070",1,"DNA/Helitron"
"249","AL7G52290",2,"LTR/Copia, SINE/tRNA"
"250","AL7G52310",2,"LTR/Ty3"
"251","AL7G52360",7,"LINE/L1, LTR/Copia, SINE/tRNA"
"252","AL7G52380",4,"LTR/Ty3, LINE/L1"
"253","AL7G52410",13,"LINE/unknown, LINE/L1, SINE/tRNA, LTR/Copia"
"254","AL84U10010",1,"DNA/Helitron"
"255","AL8G19400",2,"DNA/Helitron"
"256","AL8G19430",1,"LTR/unknown"
"257","AL8G19452",1,"LTR/unknown"
"258","AL8G22560",1,"LINE/L1"
"259","AL1G24080",2,"LTR/Copia"
"260","AL1G59830",2,"DNA/Helitron"
"261","AL1G59840",1,"LTR/unknown"
"262","AL1G65230",2,"LTR/unknown"
"263","AL2G11060",2,"DNA/Helitron"
"264","AL2G12500",1,"LTR/Ty3"
"265","AL2G13140",1,"LTR/Ty3"
"266","AL2G18220",2,"LTR/Copia"
"267","AL2G18240",4,"LTR/Gypsy, LTR/Copia"
"268","AL2G29280",2,"SINE/tRNA, LINE/unknown"
"269","AL2G29370",3,"LTR/Copia, LTR/Ty3"
"270","AL3G41080",1,"DNA/Helitron"
"271","AL3G46810",5,"DNA/Helitron, LINE/unknown"
"272","AL3G46820",1,"LTR/Copia"
"273","AL3G47160",3,"DNA/Helitron"
"274","AL4G22780",1,"DNA/Helitron"
"275","AL4G23730",3,"LTR/Copia, SINE/tRNA, LTR/unknown"
"276","AL4G23910",1,"LTR/Copia"
"277","AL4G23920",4,"LTR/unknown"
"278","AL4G23930",1,"LTR/Copia"
"279","AL5G18800",1,"LTR/Copia"
"280","AL5G19550",1,"LINE/L1"
"281","AL5G35460",1,"LTR/Copia"
"282","AL6G30010",1,"LTR/Copia"
"283","AL6G30020",1,"LTR/Copia"
"284","AL6G32102",2,"LINE/unknown, LINE/L1"
"285","AL6G37960",1,"LINE/L1"
"286","AL6G37970",1,"LINE/L1"
"287","AL6G40190",1,"DNA/MULE-MuDR"
"288","AL6G43420",1,"LINE/L1"
"289","AL6G43560",2,"LINE/unknown, DNA/Helitron"
"290","AL6G45960",2,"DNA/Helitron"
"291","AL6G46350",1,"LINE/unknown"
"292","AL6G46470",1,"LINE/L1"
"293","AL6G51870",2,"DNA/Helitron"
"294","AL7G45500",2,"LTR/Copia"
"295","AL7G47570",3,"DNA/MULE-MuDR, LINE/unknown"
"296","AL7G47600",1,"LINE/unknown"
"297","AL7G50290",2,"LTR/Copia"
"298","AL7G50960",6,"DNA/Helitron, LTR/Copia"
"299","AL7G51140",2,"LTR/Copia, SINE/tRNA"
"300","AL7G52360",5,"LINE/L1, DNA/Helitron"
"301","AL7G52380",3,"DNA/Helitron"
"302","AL7G52410",15,"LINE/L1, LTR/Ty3, DNA/Helitron, LINE/unknown"
"303","AL84U10010",1,"DNA/Helitron"
"304","AL8G14230",1,"LINE/unknown"
"305","AL8G14320",5,"DNA/Helitron"
"306","AL8G14370",1,"LINE/unknown"
"307","AL8G19400",2,"DNA/Helitron"
"308","AL8G19410",2,"DNA/Helitron"
"309","AL8G19430",2,"DNA/Helitron"
"310","AL1G23630",1,"SINE/tRNA"
"311","AL1G24180",1,"SINE/tRNA"
"312","AL1G59830",6,"LTR/unknown, DNA/Helitron, LTR/Copia"
"313","AL1G59840",2,"LTR/Copia, LTR/unknown"
"314","AL1G65230",1,"LTR/Copia"
"315","AL2G11060",1,"LINE/L1"
"316","AL2G11490",1,"DNA/Helitron"
"317","AL2G12460",1,"LTR/Copia"
"318","AL2G12790",1,"DNA/MULE-MuDR"
"319","AL2G12820",1,"DNA/Helitron"
"320","AL2G15130",1,"DNA/Helitron"
"321","AL2G18240",1,"LTR/Gypsy"
"322","AL3G41080",4,"LTR/Copia, SINE/tRNA, DNA/Helitron"
"323","AL3G46810",2,"LINE/unknown, DNA/Helitron"
"324","AL3G50380",2,"DNA/Helitron"
"325","AL41U10050",2,"DNA/Helitron"
"326","AL4G23730",2,"DNA/Helitron"
"327","AL4G42610",1,"DNA/Helitron"
"328","AL5G18790",4,"LTR/unknown"
"329","AL5G19550",1,"LINE/L1"
"330","AL6G31950",1,"LTR/unknown"
"331","AL6G37940",2,"LTR/Gypsy, LINE/unknown"
"332","AL6G41670",1,"DNA/Helitron"
"333","AL6G41690",1,"DNA/Helitron"
"334","AL6G41700",1,"DNA/Helitron"
"335","AL6G43560",1,"LINE/unknown"
"336","AL6G45960",1,"LTR/Ty3"
"337","AL6G46470",1,"LINE/L1"
"338","AL6G51840",1,"DNA/Helitron"
"339","AL6G51870",1,"DNA/Helitron"
"340","AL7G34270",1,"DNA/Helitron"
"341","AL7G34280",2,"DNA/Helitron, LTR/Ty3"
"342","AL7G45500",2,"DNA/Helitron, LTR/Copia"
"343","AL7G47870",3,"SINE/tRNA, LTR/Copia, DNA/Helitron"
"344","AL7G48260",1,"LINE/unknown"
"345","AL7G50290",1,"DNA/Helitron"
"346","AL7G50960",5,"DNA/Helitron"
"347","AL7G51070",1,"DNA/Helitron"
"348","AL7G51140",3,"DNA/Helitron"
"349","AL7G52360",8,"DNA/Helitron, LINE/L1"
"350","AL7G52380",2,"LINE/L1"
"351","AL8G14320",4,"DNA/Helitron, LTR/Gypsy, LTR/Copia"
"352","AL8G19400",2,"DNA/Helitron"
"353","AL8G19430",1,"LTR/unknown"
"354","AL8G19452",1,"LTR/unknown"
"355","AL8G21140",2,"DNA/Helitron"
"356","AL1G23620",3,"DNA/Helitron"
"357","AL1G23630",1,"SINE/tRNA"
"358","AL1G24070",1,"DNA/Helitron"
"359","AL1G24080",1,"DNA/Helitron"
"360","AL1G24180",3,"DNA/Helitron"
"361","AL1G35270",2,"LTR/Copia"
"362","AL1G37850",2,"DNA/Helitron"
"363","AL1G59830",3,"DNA/Helitron"
"364","AL1G59840",1,"LTR/unknown"
"365","AL1G65230",1,"LTR/Copia"
"366","AL2G11490",2,"DNA/Helitron"
"367","AL2G12820",1,"DNA/Helitron"
"368","AL2G13130",1,"DNA/Helitron"
"369","AL2G13150",1,"DNA/Helitron"
"370","AL2G18220",1,"LTR/Gypsy"
"371","AL2G18240",1,"LTR/Gypsy"
"372","AL2G29280",1,"SINE/unknown"
"373","AL2G29390",1,"SINE/tRNA"
"374","AL3G29642",1,"DNA/Helitron"
"375","AL3G36200",2,"LTR/Copia, LTR/Ty3"
"376","AL3G36220",1,"LINE/L1"
"377","AL3G41480",1,"DNA/Helitron"
"378","AL3G41490",3,"DNA/Helitron"
"379","AL3G41560",1,"DNA/Helitron"
"380","AL3G46810",3,"LINE/unknown, DNA/Helitron"
"381","AL3G47160",3,"DNA/MULE-MuDR, LTR/Copia, DNA/Helitron"
"382","AL496U10010",1,"DNA/Helitron"
"383","AL496U10020",3,"DNA/Helitron"
"384","AL4G23850",3,"LINE/L1, LINE/unknown"
"385","AL4G23910",3,"LTR/Gypsy, LTR/Copia"
"386","AL4G23920",1,"LTR/unknown"
"387","AL5G18790",2,"LTR/unknown"
"388","AL5G18800",1,"LTR/unknown"
"389","AL5G19550",1,"LINE/L1"
"390","AL6G16010",1,"LINE/unknown"
"391","AL6G30060",1,"LINE/L1"
"392","AL6G30070",2,"LINE/L1"
"393","AL6G37940",1,"LTR/Copia"
"394","AL6G37960",1,"LTR/Copia"
"395","AL6G37970",2,"LTR/unknown, LTR/Ty3"
"396","AL6G37980",2,"SINE/tRNA"
"397","AL6G40190",1,"DNA/MULE-MuDR"
"398","AL6G41670",2,"DNA/Helitron"
"399","AL6G41690",3,"DNA/Helitron"
"400","AL6G41700",3,"DNA/Helitron"
"401","AL6G43420",1,"LINE/L1"
"402","AL6G43560",1,"LINE/unknown"
"403","AL6G46470",2,"LINE/L1"
"404","AL6G51840",3,"DNA/Helitron"
"405","AL6G51870",3,"DNA/Helitron"
"406","AL7G34270",1,"DNA/Helitron"
"407","AL7G34280",1,"DNA/Helitron"
"408","AL7G45500",1,"LTR/Copia"
"409","AL7G47550",1,"DNA/Helitron"
"410","AL7G47570",2,"DNA/Helitron"
"411","AL7G50290",2,"LTR/Copia"
"412","AL7G50960",4,"DNA/Helitron, LTR/Copia"
"413","AL7G51070",6,"DNA/Helitron, LTR/Copia"
"414","AL7G51140",3,"LTR/Copia, SINE/tRNA"
"415","AL7G52290",1,"LINE/L1"
"416","AL7G52310",1,"LINE/L1"
"417","AL7G52360",2,"LINE/L1"
"418","AL7G52380",2,"LINE/L1, DNA/Helitron"
"419","AL7G52410",2,"LINE/L1"
"420","AL84U10010",1,"DNA/Helitron"
"421","AL8G13580",3,"LTR/unknown, DNA/MULE-MuDR"
"422","AL8G13740",1,"LINE/L1"
"423","AL8G14230",1,"DNA/Helitron"
"424","AL8G14370",1,"DNA/Helitron"
"425","AL8G19400",1,"LINE/L1"
"426","AL8G19430",2,"LTR/unknown"
"427","AL8G19452",2,"LTR/unknown"
"428","AL8G21140",2,"DNA/Helitron"
"429","AL8G22560",1,"LINE/L1"
"430","AL1G23630",1,"SINE/tRNA"
"431","AL1G24070",1,"DNA/Helitron"
"432","AL1G24080",1,"DNA/Helitron"
"433","AL1G35030",1,"LTR/Copia"
"434","AL1G35270",2,"LTR/Copia"
"435","AL1G37850",2,"DNA/Helitron"
"436","AL1G47530",1,"DNA/Helitron"
"437","AL1G47540",1,"DNA/Helitron"
"438","AL1G59830",3,"DNA/Helitron"
"439","AL1G59840",1,"LTR/unknown"
"440","AL1G65230",1,"LTR/unknown"
"441","AL2G11490",4,"DNA/Helitron"
"442","AL2G12810",3,"DNA/Helitron"
"443","AL2G12820",1,"DNA/Helitron"
"444","AL2G12830",2,"DNA/Helitron"
"445","AL2G13130",2,"DNA/Helitron"
"446","AL2G18220",3,"LTR/Copia, LTR/unknown"
"447","AL2G18240",4,"LTR/Gypsy, LTR/Copia, LTR/unknown"
"448","AL2G18840",2,"LTR/Copia, SINE/tRNA"
"449","AL2G29250",1,"DNA/Helitron"
"450","AL2G29280",1,"SINE/unknown"
"451","AL2G29370",1,"LTR/Ty3"
"452","AL2G29390",1,"SINE/tRNA"
"453","AL3G36200",1,"LINE/L1"
"454","AL3G36220",1,"LINE/L1"
"455","AL3G38320",2,"LTR/Copia"
"456","AL3G41480",1,"DNA/Helitron"
"457","AL3G41490",3,"DNA/Helitron"
"458","AL3G41560",2,"DNA/Helitron"
"459","AL3G46810",3,"LINE/unknown, DNA/Helitron"
"460","AL3G50380",2,"DNA/Helitron"
"461","AL496U10020",1,"DNA/Helitron"
"462","AL4G23850",3,"LINE/L1"
"463","AL4G23910",3,"LTR/Copia, LTR/unknown"
"464","AL4G23920",1,"LTR/unknown"
"465","AL5G13720",3,"DNA/Helitron, LTR/Ty3"
"466","AL5G18790",3,"LTR/Copia, LTR/unknown"
"467","AL5G18800",1,"LTR/unknown"
"468","AL5G19550",1,"LINE/L1"
"469","AL6G30070",1,"LINE/L1"
"470","AL6G32070",2,"LTR/Copia"
"471","AL6G37940",1,"LTR/Copia"
"472","AL6G37960",1,"LTR/Copia"
"473","AL6G37970",2,"LTR/unknown, LTR/Ty3"
"474","AL6G37980",2,"SINE/tRNA"
"475","AL6G40190",1,"DNA/MULE-MuDR"
"476","AL6G41670",2,"DNA/Helitron"
"477","AL6G41680",5,"LINE/L1, LTR/Copia, LTR/Gypsy"
"478","AL6G41690",2,"DNA/Helitron"
"479","AL6G41700",2,"DNA/Helitron"
"480","AL6G43420",1,"LINE/L1"
"481","AL6G43560",1,"LINE/unknown"
"482","AL6G45960",2,"DNA/Helitron"
"483","AL6G46470",3,"LINE/L1, DNA/Helitron"
"484","AL6G51840",7,"LINE/L1, LTR/Copia, LTR/Gypsy, DNA/Helitron"
"485","AL6G51870",2,"DNA/Helitron"
"486","AL7G34270",1,"DNA/Helitron"
"487","AL7G34280",1,"DNA/Helitron"
"488","AL7G45500",1,"LTR/Copia"
"489","AL7G47570",1,"DNA/Helitron"
"490","AL7G47870",1,"LTR/Ty3"
"491","AL7G48670",2,"LTR/Ty3, LTR/Gypsy"
"492","AL7G50290",2,"LTR/Copia"
"493","AL7G50960",4,"DNA/Helitron, LTR/Copia"
"494","AL7G51070",6,"LTR/Copia, DNA/Helitron"
"495","AL7G51140",3,"LTR/Copia, SINE/tRNA"
"496","AL7G52290",1,"LINE/L1"
"497","AL7G52360",14,"DNA/Helitron, LTR/Copia, SINE/tRNA"
"498","AL84U10010",1,"DNA/Helitron"
"499","AL8G13580",1,"DNA/Helitron"
"500","AL8G13710",11,"DNA/Helitron, SINE/tRNA, LTR/Copia"
"501","AL8G13740",1,"DNA/Helitron"
"502","AL8G14230",1,"DNA/Helitron"
"503","AL8G14370",1,"DNA/Helitron"
"504","AL8G19400",1,"LINE/unknown"
"505","AL8G19420",1,"LTR/unknown"
"506","AL8G19430",1,"LTR/unknown"
"507","AL8G21140",2,"DNA/Helitron"
"508","AL8G22560",1,"LINE/L1"
"509","AL1G23630",1,"SINE/tRNA"
"510","AL1G35140",1,"LINE/L1"
"511","AL1G35270",2,"LTR/Copia"
"512","AL1G37850",2,"DNA/Helitron"
"513","AL1G59830",3,"DNA/Helitron"
"514","AL1G59840",1,"LTR/unknown"
"515","AL1G65230",1,"LTR/Copia"
"516","AL2G12810",1,"DNA/Helitron"
"517","AL2G12820",1,"DNA/Helitron"
"518","AL2G12830",1,"DNA/Helitron"
"519","AL2G13150",1,"DNA/Helitron"
"520","AL2G15130",3,"LTR/Gypsy, LTR/Ty3"
"521","AL2G18220",2,"LTR/Copia"
"522","AL2G18240",2,"LTR/Copia"
"523","AL2G29250",1,"DNA/Helitron"
"524","AL2G29280",1,"SINE/unknown"
"525","AL2G29370",1,"LTR/unknown"
"526","AL3G36220",1,"LINE/L1"
"527","AL3G38320",1,"DNA/Helitron"
"528","AL3G41080",2,"DNA/MULE-MuDR, DNA/Helitron"
"529","AL3G41480",1,"DNA/Helitron"
"530","AL3G41560",3,"DNA/Helitron"
"531","AL3G46810",2,"LINE/unknown, DNA/Helitron"
"532","AL3G46820",1,"LTR/Copia"
"533","AL4G23730",1,"LTR/unknown"
"534","AL4G23850",3,"LINE/L1, LINE/unknown"
"535","AL4G23910",3,"LTR/Copia, LTR/unknown"
"536","AL4G23920",1,"LTR/unknown"
"537","AL5G13720",1,"LTR/Ty3"
"538","AL5G18790",4,"LTR/unknown, DNA/Helitron"
"539","AL5G18800",1,"LTR/unknown"
"540","AL6G30070",1,"LINE/L1"
"541","AL6G31890",1,"DNA/Helitron"
"542","AL6G31900",1,"DNA/Helitron"
"543","AL6G37940",2,"LTR/Gypsy, LTR/Copia"
"544","AL6G37970",2,"LTR/unknown, LTR/Ty3"
"545","AL6G37980",2,"SINE/tRNA"
"546","AL6G40190",1,"DNA/MULE-MuDR"
"547","AL6G41680",1,"DNA/Helitron"
"548","AL6G41690",1,"DNA/Helitron"
"549","AL6G41700",2,"DNA/Helitron"
"550","AL6G43420",2,"LINE/L1"
"551","AL6G43560",1,"LINE/unknown"
"552","AL6G46470",3,"LINE/L1, DNA/Helitron"
"553","AL6G51840",4,"LINE/unknown, LINE/L1, DNA/Helitron"
"554","AL6G51870",7,"LINE/unknown, LINE/L1, DNA/Helitron"
"555","AL7G34270",2,"LTR/Ty3, LTR/Copia"
"556","AL7G34280",1,"DNA/Helitron"
"557","AL7G45500",1,"LTR/Copia"
"558","AL7G47570",6,"LINE/unknown, DNA/Helitron"
"559","AL7G47590",1,"DNA/Helitron"
"560","AL7G47870",3,"SINE/tRNA, LTR/Copia, DNA/Helitron"
"561","AL7G48260",1,"LINE/unknown"
"562","AL7G48670",2,"LTR/Ty3, LTR/Gypsy"
"563","AL7G50290",2,"LTR/Copia"
"564","AL7G50960",4,"DNA/Helitron, LTR/Copia"
"565","AL7G51070",6,"DNA/Helitron, LTR/Copia"
"566","AL7G51140",3,"LTR/Copia, SINE/tRNA"
"567","AL7G52310",2,"LTR/Copia"
"568","AL7G52360",4,"LINE/L1, DNA/Helitron"
"569","AL7G52380",8,"LTR/Copia, LINE/L1, DNA/Helitron"
"570","AL7G52410",7,"LINE/L1, DNA/Helitron, LTR/Copia"
"571","AL84U10010",1,"DNA/Helitron"
"572","AL8G13740",1,"SINE/tRNA"
"573","AL8G14230",4,"LTR/Copia, LINE/L1"
"574","AL8G19400",1,"LINE/L1"
"575","AL8G19410",2,"LINE/unknown, LINE/L1"
"576","AL8G19452",2,"LTR/unknown"
"577","AL8G21140",1,"DNA/Helitron"
"578","AL8G22560",1,"LINE/L1"
"579","AL1G59830",3,"DNA/Helitron"
"580","AL1G59840",1,"LTR/unknown"
"581","AL1G23620",1,"SINE/tRNA"
"582","AL1G23630",1,"SINE/tRNA"
"583","AL1G23970",1,"DNA/Helitron"
"584","AL1G24080",1,"DNA/Helitron"
"585","AL1G24180",1,"SINE/tRNA"
"586","AL1G35130",1,"LTR/Copia"
"587","AL1G35270",1,"LTR/Copia"
"588","AL1G59840",3,"DNA/Helitron, LTR/Copia, LTR/unknown"
"589","AL1G65230",1,"LTR/unknown"
"590","AL2G10190",1,"LTR/Copia"
"591","AL2G11060",1,"DNA/Helitron"
"592","AL2G11070",2,"DNA/Helitron"
"593","AL2G11960",2,"LTR/unknown"
"594","AL2G12500",2,"LTR/unknown"
"595","AL2G13120",1,"DNA/Helitron"
"596","AL2G13150",1,"DNA/Helitron"
"597","AL2G15130",2,"LTR/Copia"
"598","AL2G18220",3,"LTR/Copia, LTR/unknown"
"599","AL2G18240",3,"LTR/Copia, LTR/unknown"
"600","AL2G29250",2,"DNA/Helitron"
"601","AL3G47160",3,"LTR/Copia, LTR/Ty3"
"602","AL4G23910",1,"LTR/Ty3"
"603","AL6G30020",2,"LTR/Ty3"
"604","AL6G30070",1,"LINE/L1"
"605","AL6G37960",1,"LINE/L1"
"606","AL6G37970",1,"LINE/L1"
"607","AL6G43560",1,"LINE/unknown"
"608","AL6G46350",3,"DNA/Helitron"
"609","AL6G46470",1,"LINE/L1"
"610","AL7G34270",2,"LTR/unknown, DNA/Helitron"
"611","AL7G34280",2,"DNA/Helitron, LTR/Ty3"
"612","AL7G45500",1,"LTR/Copia"
"613","AL7G47570",3,"DNA/MULE-MuDR"
"614","AL7G47600",2,"DNA/MULE-MuDR"
"615","AL7G48260",1,"LINE/L1"
"616","AL7G50290",1,"DNA/Helitron"
"617","AL7G50960",1,"DNA/Helitron"
"618","AL7G51070",1,"DNA/Helitron"
"619","AL7G51140",1,"DNA/Helitron"
"620","AL7G52290",6,"DNA/MULE-MuDR, DNA/Helitron, LINE/L1"
"621","AL7G52310",1,"LINE/L1"
"622","AL7G52360",4,"DNA/Helitron, LINE/L1, LTR/Ty3"
"623","AL7G52380",5,"LINE/L1, DNA/Helitron"
"624","AL7G52410",10,"DNA/Helitron, LINE/L1, LTR/Ty3, LTR/Copia"
"625","AL8G13580",4,"LINE/L1, DNA/Helitron"
"626","AL8G19400",1,"LINE/unknown"
"627","AL8G19430",1,"LTR/unknown"
"628","AL8G19452",1,"LTR/unknown"
"629","AL8G21140",2,"DNA/Helitron"
"630","AL1G24190",1,"LINE/L1"
"631","AL1G35270",2,"LTR/Copia"
"632","AL1G37850",2,"DNA/Helitron"
"633","AL1G47530",1,"LTR/Copia"
"634","AL1G59830",5,"LTR/unknown, DNA/Helitron, LTR/Copia"
"635","AL1G59840",4,"SINE/unknown, LINE/unknown, LTR/Copia"
"636","AL1G65230",1,"LTR/unknown"
"637","AL2G11040",2,"LTR/Copia, SINE/tRNA"
"638","AL2G11060",1,"DNA/Helitron"
"639","AL2G11830",1,"LTR/Ty3"
"640","AL2G12780",2,"DNA/Helitron"
"641","AL2G12790",3,"LINE/unknown, LINE/L1"
"642","AL2G12810",2,"DNA/Helitron"
"643","AL2G13150",1,"DNA/Helitron"
"644","AL2G18220",3,"LTR/Copia, LTR/unknown"
"645","AL2G18240",4,"LTR/Gypsy, LTR/Copia, LTR/unknown"
"646","AL2G29280",1,"DNA/Helitron"
"647","AL2G29370",1,"LTR/unknown"
"648","AL3G41080",3,"LTR/Copia, SINE/tRNA, DNA/Helitron"
"649","AL3G46810",1,"LINE/unknown"
"650","AL3G46820",1,"LTR/Copia"
"651","AL3G47160",3,"DNA/MULE-MuDR, LTR/Copia"
"652","AL496U10020",1,"DNA/Helitron"
"653","AL4G23730",2,"LTR/Copia, SINE/tRNA"
"654","AL4G23910",3,"LTR/Copia, LTR/Gypsy"
"655","AL4G23920",4,"LTR/unknown"
"656","AL5G18800",1,"LTR/Copia"
"657","AL6G37940",3,"LTR/Gypsy, LTR/Copia"
"658","AL6G37970",2,"LTR/unknown, LTR/Ty3"
"659","AL6G40190",1,"LTR/Ty3"
"660","AL6G41670",3,"DNA/Helitron"
"661","AL6G41690",3,"DNA/Helitron"
"662","AL6G41700",3,"DNA/Helitron"
"663","AL6G43420",1,"LINE/L1"
"664","AL6G43560",1,"LINE/unknown"
"665","AL6G45960",2,"SINE/tRNA, LTR/Copia"
"666","AL6G46470",2,"LINE/L1"
"667","AL6G51840",3,"DNA/Helitron"
"668","AL6G51870",4,"DNA/Helitron"
"669","AL7G34270",1,"DNA/Helitron"
"670","AL7G34280",1,"DNA/Helitron"
"671","AL7G45500",1,"LTR/Copia"
"672","AL7G47550",1,"LTR/Ty3"
"673","AL7G47570",2,"DNA/Helitron"
"674","AL7G47870",1,"LTR/Gypsy"
"675","AL7G50290",1,"DNA/Helitron"
"676","AL7G51140",2,"LTR/Copia, SINE/tRNA"
"677","AL7G52290",1,"LINE/L1"
"678","AL7G52410",1,"DNA/MULE-MuDR"
"679","AL84U10010",1,"DNA/Helitron"
"680","AL8G13580",1,"LINE/L1"
"681","AL8G19400",1,"LTR/unknown"
"682","AL8G19430",1,"LTR/unknown"
"683","AL8G22560",1,"LINE/L1"
"684","AL1G17600",1,"LTR/Copia"
"685","AL1G24080",1,"LINE/unknown"
"686","AL1G24180",2,"DNA/MULE-MuDR"
"687","AL1G37820",1,"DNA/Helitron"
"688","AL1G59830",5,"LTR/unknown, DNA/Helitron, LTR/Copia"
"689","AL1G59840",1,"LTR/unknown"
"690","AL2G11030",2,"DNA/Helitron"
"691","AL2G11040",2,"DNA/Helitron"
"692","AL2G11960",1,"LINE/unknown"
"693","AL2G12460",1,"LINE/L1"
"694","AL2G12500",1,"LINE/L1"
"695","AL2G12780",3,"DNA/Helitron"
"696","AL2G13130",1,"LINE/L1"
"697","AL2G18220",3,"LTR/Copia, SINE/tRNA"
"698","AL2G18240",5,"LTR/Gypsy, LTR/Copia, SINE/tRNA"
"699","AL2G29260",2,"LTR/unknown"
"700","AL2G29280",1,"LINE/unknown"
"701","AL2G29370",2,"DNA/Helitron"
"702","AL3G36200",2,"DNA/MULE-MuDR, LINE/unknown"
"703","AL3G41080",6,"LTR/Copia, SINE/tRNA, DNA/Helitron"
"704","AL3G46810",3,"DNA/Helitron, LINE/unknown"
"705","AL3G47160",3,"DNA/Helitron"
"706","AL3G50380",4,"LTR/Ty3, DNA/Helitron"
"707","AL4G22780",4,"DNA/Helitron"
"708","AL4G23710",1,"DNA/Helitron"
"709","AL4G23850",2,"LTR/Copia"
"710","AL4G23910",1,"LTR/Copia"
"711","AL5G18800",1,"LTR/Copia"
"712","AL5G19550",1,"LINE/L1"
"713","AL6G30010",1,"LTR/Copia"
"714","AL6G30020",1,"LTR/Copia"
"715","AL6G32102",2,"LINE/unknown, LINE/L1"
"716","AL6G37960",1,"LINE/L1"
"717","AL6G37970",1,"LINE/L1"
"718","AL6G41680",3,"LINE/L1, LTR/Copia"
"719","AL6G41690",2,"DNA/Helitron"
"720","AL6G41700",2,"DNA/Helitron"
"721","AL6G43420",1,"LTR/unknown"
"722","AL6G43560",1,"LINE/unknown"
"723","AL6G45960",2,"DNA/Helitron"
"724","AL6G46470",1,"LINE/L1"
"725","AL6G51840",5,"LINE/L1, LTR/Copia, DNA/Helitron"
"726","AL6G51870",5,"LINE/L1, DNA/Helitron"
"727","AL7G34270",1,"DNA/Helitron"
"728","AL7G34280",2,"DNA/Helitron, LTR/Copia"
"729","AL7G47540",3,"LTR/Copia"
"730","AL7G47550",1,"DNA/Helitron"
"731","AL7G47570",5,"DNA/Helitron, LTR/Copia"
"732","AL7G47600",2,"LTR/Copia"
"733","AL7G50960",2,"DNA/Helitron"
"734","AL7G51140",3,"LTR/Copia, SINE/tRNA, LINE/unknown"
"735","AL7G52310",1,"LINE/unknown"
"736","AL7G52360",1,"LTR/Gypsy"
"737","AL7G52380",1,"LINE/unknown"
"738","AL84U10010",1,"DNA/Helitron"
"739","AL8G13710",4,"DNA/Helitron"
"740","AL8G14230",4,"LTR/Gypsy, LTR/Copia"
"741","AL8G14370",1,"SINE/unknown"
"742","AL8G19400",2,"SINE/tRNA, LTR/Copia"
"743","AL8G21140",2,"DNA/MULE-MuDR, DNA/Helitron"
"744","AL1G23630",1,"SINE/tRNA"
"745","AL1G23970",1,"SINE/tRNA"
"746","AL1G24070",4,"LTR/Gypsy, LTR/Ty3"
"747","AL1G24080",2,"LTR/Gypsy, SINE/tRNA"
"748","AL1G35140",1,"LINE/L1"
"749","AL1G37850",2,"DNA/Helitron"
"750","AL1G59830",4,"LTR/unknown, DNA/Helitron"
"751","AL1G59840",2,"LINE/L1, LTR/unknown"
"752","AL2G11060",1,"LTR/Copia"
"753","AL2G11070",2,"LTR/Gypsy"
"754","AL2G11960",1,"LINE/unknown"
"755","AL2G12460",1,"LINE/L1"
"756","AL2G12500",1,"LINE/L1"
"757","AL2G12780",2,"DNA/Helitron"
"758","AL2G12790",1,"DNA/Helitron"
"759","AL2G13130",1,"LINE/L1"
"760","AL2G18220",1,"LTR/Copia"
"761","AL2G18240",3,"LTR/Gypsy, LTR/Copia"
"762","AL2G18840",1,"LTR/Copia"
"763","AL2G29280",2,"DNA/Helitron, LINE/unknown"
"764","AL3G46810",3,"DNA/Helitron"
"765","AL3G46820",1,"LTR/Copia"
"766","AL3G47160",3,"DNA/Helitron"
"767","AL496U10020",2,"DNA/Helitron"
"768","AL4G22780",3,"DNA/Helitron"
"769","AL4G23850",3,"LTR/Copia"
"770","AL4G23920",1,"LTR/Copia"
"771","AL5G18800",2,"LTR/Copia, DNA/Helitron"
"772","AL5G19550",1,"LINE/L1"
"773","AL5G35460",1,"LTR/Copia"
"774","AL6G16010",3,"DNA/Helitron, LTR/Gypsy"
"775","AL6G37940",2,"LINE/unknown, LINE/L1"
"776","AL6G37960",1,"LINE/L1"
"777","AL6G37970",1,"LINE/L1"
"778","AL6G41670",4,"LINE/L1, DNA/Helitron"
"779","AL6G41680",2,"LINE/L1, DNA/Helitron"
"780","AL6G41690",6,"LINE/L1, DNA/Helitron"
"781","AL6G41700",6,"LINE/L1, DNA/Helitron"
"782","AL6G43420",1,"LTR/unknown"
"783","AL6G43560",2,"LTR/Copia"
"784","AL6G45960",1,"DNA/Helitron"
"785","AL6G46350",1,"DNA/Helitron"
"786","AL6G46470",1,"LINE/L1"
"787","AL6G51840",6,"LINE/L1, DNA/Helitron"
"788","AL6G51870",6,"LINE/L1, DNA/Helitron"
"789","AL7G34270",1,"DNA/Helitron"
"790","AL7G34280",2,"DNA/Helitron, LTR/Copia"
"791","AL7G45500",1,"LTR/Copia"
"792","AL7G47570",1,"LINE/unknown"
"793","AL7G47590",3,"LINE/unknown, LTR/Copia"
"794","AL7G47600",2,"LINE/unknown"
"795","AL7G48660",1,"LTR/Copia"
"796","AL7G48670",1,"LTR/Copia"
"797","AL7G50290",2,"SINE/tRNA"
"798","AL7G50960",5,"LTR/Copia, SINE/tRNA"
"799","AL7G51070",5,"LTR/Copia, SINE/tRNA"
"800","AL7G51140",3,"LTR/Copia, SINE/tRNA, LINE/unknown"
"801","AL7G52360",2,"LTR/Gypsy, DNA/Helitron"
"802","AL84U10010",1,"DNA/Helitron"
"803","AL8G14230",3,"LTR/Gypsy, LTR/Copia"
"804","AL8G14370",1,"SINE/unknown"
"805","AL8G19400",2,"DNA/Helitron"
"806","AL8G19410",2,"DNA/Helitron"
"807","AL8G19430",2,"DNA/Helitron"
"808","AL1G23630",1,"SINE/tRNA"
"809","AL1G24180",1,"LINE/L1"
"810","AL1G37820",2,"LTR/Copia"
"811","AL1G59830",3,"DNA/Helitron"
"812","AL1G59840",4,"SINE/unknown, LINE/unknown, LTR/Copia"
"813","AL2G11070",2,"LTR/Gypsy"
"814","AL2G12500",6,"LTR/Gypsy, DNA/Helitron, LTR/Copia"
"815","AL2G15130",2,"LTR/Copia"
"816","AL2G18220",2,"LTR/Copia"
"817","AL2G18240",2,"LTR/Copia"
"818","AL2G29260",2,"LTR/unknown"
"819","AL2G29310",3,"DNA/Helitron"
"820","AL3G41080",2,"LINE/unknown, LINE/L1"
"821","AL3G46810",2,"LINE/unknown, DNA/Helitron"
"822","AL3G46820",2,"SINE/tRNA, LTR/Copia"
"823","AL3G47160",7,"LTR/Gypsy, LTR/Copia, DNA/Helitron"
"824","AL4G22780",2,"DNA/Helitron"
"825","AL4G23710",1,"DNA/Helitron"
"826","AL4G23850",1,"LTR/Copia"
"827","AL5G18800",2,"LTR/Copia, DNA/Helitron"
"828","AL5G19550",1,"LINE/L1"
"829","AL5G35460",1,"LTR/Copia"
"830","AL6G28990",1,"LINE/L1"
"831","AL6G32102",2,"LINE/unknown, LINE/L1"
"832","AL6G37960",1,"LINE/L1"
"833","AL6G37970",1,"LINE/L1"
"834","AL6G41690",2,"DNA/Helitron, LINE/unknown"
"835","AL6G41700",3,"DNA/Helitron, LINE/unknown"
"836","AL6G43420",1,"LTR/unknown"
"837","AL6G43560",3,"LINE/unknown, LTR/Copia"
"838","AL6G45960",1,"LTR/Ty3"
"839","AL6G46470",1,"LINE/L1"
"840","AL6G51840",5,"LINE/L1, DNA/Helitron, LINE/unknown"
"841","AL6G51870",6,"LINE/L1, DNA/Helitron, LINE/unknown"
"842","AL7G34270",1,"DNA/Helitron"
"843","AL7G34280",2,"LTR/unknown, LTR/Copia"
"844","AL7G45500",1,"LTR/Copia"
"845","AL7G47570",6,"LTR/unknown, DNA/Helitron"
"846","AL7G47600",4,"DNA/Helitron, LTR/Gypsy"
"847","AL7G50290",3,"LTR/Copia, SINE/tRNA"
"848","AL7G50960",3,"LTR/Copia, SINE/tRNA"
"849","AL7G51140",2,"LTR/Copia, SINE/tRNA"
"850","AL7G52290",9,"LTR/Copia, LTR/Ty3"
"851","AL7G52360",13,"LTR/Gypsy, DNA/Helitron, LINE/L1, LTR/Copia, LTR/Ty3"
"852","AL7G52380",1,"LTR/Ty3"
"853","AL7G52410",4,"LINE/L1, DNA/Helitron"
"854","AL84U10010",1,"DNA/Helitron"
"855","AL1G23620",1,"SINE/tRNA"
"856","AL1G23630",1,"SINE/tRNA"
"857","AL1G24180",1,"SINE/tRNA"
"858","AL1G35140",1,"SINE/tRNA"
"859","AL1G37850",2,"DNA/Helitron"
"860","AL1G47530",1,"LTR/unknown"
"861","AL1G47540",1,"LTR/unknown"
"862","AL1G59830",5,"DNA/Helitron, LTR/unknown, SINE/tRNA"
"863","AL1G59840",1,"LTR/unknown"
"864","AL1G65230",1,"LTR/Copia"
"865","AL2G11040",1,"LTR/Ty3"
"866","AL2G11060",1,"DNA/Helitron"
"867","AL2G11960",1,"LINE/unknown"
"868","AL2G12470",2,"DNA/Helitron"
"869","AL2G12500",2,"DNA/Helitron"
"870","AL2G12780",2,"LINE/L1"
"871","AL2G12820",1,"LINE/L1"
"872","AL2G13130",2,"LINE/L1, LTR/unknown"
"873","AL2G13150",2,"LINE/L1, DNA/Helitron"
"874","AL2G13170",1,"DNA/Helitron"
"875","AL2G13760",1,"LINE/L1"
"876","AL2G15130",1,"LTR/Copia"
"877","AL2G18220",3,"LTR/Copia, SINE/tRNA"
"878","AL2G18240",3,"LTR/Copia, SINE/tRNA"
"879","AL2G18840",2,"DNA/Helitron"
"880","AL2G29280",3,"DNA/Helitron, LINE/unknown, LINE/L1"
"881","AL2G29370",2,"DNA/Helitron"
"882","AL3G41080",1,"LINE/L1"
"883","AL3G46820",2,"DNA/Helitron, LTR/Copia"
"884","AL3G47160",7,"LTR/Gypsy, DNA/MULE-MuDR, LTR/Copia, LTR/Ty3"
"885","AL3G50380",2,"DNA/Helitron"
"886","AL4G22240",1,"LINE/unknown"
"887","AL4G23730",1,"LTR/unknown"
"888","AL4G23910",1,"LTR/unknown"
"889","AL4G42610",2,"LINE/unknown"
"890","AL5G18790",2,"LTR/unknown"
"891","AL5G19550",1,"LINE/L1"
"892","AL6G28990",3,"DNA/Helitron"
"893","AL6G30010",1,"LINE/L1"
"894","AL6G30020",3,"LINE/L1, LINE/unknown"
"895","AL6G32102",1,"LINE/L1"
"896","AL6G37970",1,"LINE/L1"
"897","AL6G43420",1,"LINE/L1"
"898","AL6G43560",1,"LINE/L1"
"899","AL6G45960",3,"DNA/Helitron, LINE/L1"
"900","AL6G46470",1,"LINE/L1"
"901","AL6G51840",2,"DNA/Helitron"
"902","AL6G51870",3,"DNA/Helitron"
"903","AL7G34270",1,"DNA/Helitron"
"904","AL7G34280",2,"DNA/Helitron, LTR/Copia"
"905","AL7G45500",1,"LTR/Copia"
"906","AL7G47550",1,"LINE/unknown"
"907","AL7G47570",3,"LINE/unknown, DNA/Helitron"
"908","AL7G47600",1,"LINE/unknown"
"909","AL7G47870",2,"SINE/tRNA, DNA/Helitron"
"910","AL7G50290",1,"SINE/tRNA"
"911","AL7G50960",1,"SINE/tRNA"
"912","AL7G51070",1,"SINE/tRNA"
"913","AL7G51140",2,"LTR/Copia, SINE/tRNA"
"914","AL7G52380",2,"LINE/L1"
"915","AL7G52410",2,"LINE/L1"
"916","AL84U10010",1,"DNA/Helitron"
"917","AL8G13580",2,"LINE/L1"
"918","AL8G19400",2,"LTR/Copia"
"919","AL8G19420",1,"LTR/unknown"
"920","AL8G19430",1,"LTR/unknown"
"921","AL1G23630",1,"SINE/tRNA"
"922","AL1G37850",2,"DNA/Helitron"
"923","AL1G59830",4,"DNA/Helitron, LTR/unknown"
"924","AL1G59840",2,"LINE/L1, LTR/unknown"
"925","AL2G11060",2,"LINE/unknown, DNA/Helitron"
"926","AL2G11960",1,"LINE/unknown"
"927","AL2G12820",4,"DNA/MULE-MuDR"
"928","AL2G13150",4,"DNA/MULE-MuDR, SINE/unknown"
"929","AL2G13280",1,"DNA/Helitron"
"930","AL2G15130",1,"LTR/unknown"
"931","AL2G18220",2,"LTR/Copia"
"932","AL2G18240",2,"LTR/Copia"
"933","AL2G29250",1,"DNA/Helitron"
"934","AL2G29280",1,"DNA/Helitron"
"935","AL2G29370",1,"LTR/Ty3"
"936","AL2G34810",1,"LTR/Copia"
"937","AL3G36200",2,"LTR/Ty3"
"938","AL3G46810",2,"LTR/Copia, DNA/Helitron"
"939","AL3G46820",1,"LTR/Copia"
"940","AL3G47160",1,"DNA/Helitron"
"941","AL3G50380",2,"DNA/Helitron"
"942","AL4G23910",2,"LINE/unknown, LTR/unknown"
"943","AL5G18790",2,"LTR/unknown"
"944","AL5G18800",1,"LTR/Copia"
"945","AL5G19550",1,"LINE/L1"
"946","AL6G30070",1,"LINE/unknown"
"947","AL6G32070",2,"DNA/Helitron"
"948","AL6G37960",1,"LINE/L1"
"949","AL6G37970",1,"LINE/L1"
"950","AL6G43420",1,"LTR/unknown"
"951","AL6G43560",2,"LINE/unknown, DNA/Helitron"
"952","AL6G46470",1,"LINE/L1"
"953","AL7G34270",3,"LTR/Copia, SINE/tRNA, DNA/Helitron"
"954","AL7G34280",2,"DNA/Helitron, LTR/Ty3"
"955","AL7G45500",1,"LTR/Copia"
"956","AL7G47570",1,"DNA/Helitron"
"957","AL7G47590",1,"DNA/Helitron"
"958","AL7G47600",1,"DNA/Helitron"
"959","AL7G47850",1,"DNA/Helitron"
"960","AL7G47870",3,"SINE/tRNA, LTR/Copia, DNA/Helitron"
"961","AL7G50960",2,"LINE/unknown"
"962","AL7G51070",2,"LINE/unknown"
"963","AL7G51140",2,"LTR/Copia, SINE/tRNA"
"964","AL7G52360",1,"LTR/Ty3"
"965","AL7G52380",1,"LTR/Ty3"
"966","AL7G52410",2,"LTR/Copia"
"967","AL84U10010",1,"DNA/Helitron"
"968","AL8G14230",4,"LTR/Gypsy, LTR/Copia"
"969","AL8G19400",2,"DNA/Helitron"
"970","AL1G23630",1,"SINE/tRNA"
"971","AL1G59830",3,"DNA/Helitron"
"972","AL1G59840",2,"LINE/L1, LTR/unknown"
"973","AL2G11060",1,"DNA/Helitron"
"974","AL2G11830",2,"DNA/Helitron"
"975","AL2G11960",1,"LINE/unknown"
"976","AL2G13150",2,"LTR/unknown"
"977","AL2G15130",1,"LTR/unknown"
"978","AL2G18220",2,"LTR/Copia"
"979","AL2G18240",3,"SINE/unknown, LTR/Copia"
"980","AL2G18250",1,"LTR/Copia"
"981","AL2G18840",1,"LTR/Copia"
"982","AL2G29310",3,"DNA/Helitron, LINE/L1"
"983","AL2G29370",1,"LTR/Ty3"
"984","AL3G41080",1,"DNA/Helitron"
"985","AL4G23910",1,"LTR/Copia"
"986","AL4G23920",4,"LTR/unknown"
"987","AL5G18790",6,"LTR/unknown"
"988","AL5G18800",1,"LTR/Copia"
"989","AL6G30070",1,"LINE/unknown"
"990","AL6G31900",2,"LTR/Ty3, LTR/Gypsy"
"991","AL6G32102",2,"LINE/unknown, LINE/L1"
"992","AL6G37960",1,"LINE/L1"
"993","AL6G37970",1,"LINE/L1"
"994","AL6G43420",2,"LINE/L1"
"995","AL6G43560",1,"LINE/unknown"
"996","AL6G45960",2,"DNA/Helitron"
"997","AL6G46350",1,"LINE/unknown"
"998","AL6G46470",2,"LINE/L1"
"999","AL7G34270",1,"DNA/Helitron"
"1000","AL7G34280",2,"DNA/Helitron, LTR/Ty3"
"1001","AL7G45500",2,"LTR/unknown, LTR/Copia"
"1002","AL7G47570",3,"DNA/Helitron"
"1003","AL7G47590",2,"LTR/Copia"
"1004","AL7G48660",1,"DNA/Helitron"
"1005","AL7G50290",2,"LTR/Copia"
"1006","AL7G50960",5,"LTR/Copia, DNA/Helitron"
"1007","AL7G51070",2,"LTR/Copia"
"1008","AL7G52290",2,"DNA/Helitron, LINE/L1"
"1009","AL7G52310",1,"LINE/L1"
"1010","AL7G52360",4,"DNA/Helitron, LINE/L1"
"1011","AL7G52380",7,"LINE/L1"
"1012","AL7G52410",2,"LINE/L1"
"1013","AL84U10010",1,"DNA/Helitron"
"1014","AL8G14230",1,"DNA/Helitron"
"1015","AL8G14370",1,"DNA/Helitron"
"1016","AL8G22560",1,"LINE/L1"
"1017","AL1G23630",2,"LINE/unknown, LINE/L1"
"1018","AL1G24070",1,"LTR/Gypsy"
"1019","AL1G24080",1,"LTR/Gypsy"
"1020","AL1G35270",2,"LTR/Copia"
"1021","AL1G37850",2,"DNA/Helitron"
"1022","AL1G59830",4,"DNA/Helitron, LTR/unknown"
"1023","AL1G59840",1,"LTR/unknown"
"1024","AL2G11960",1,"LINE/unknown"
"1025","AL2G12460",1,"LTR/Ty3"
"1026","AL2G13170",1,"DNA/Helitron"
"1027","AL2G15130",1,"LTR/Ty3"
"1028","AL2G18220",2,"DNA/Helitron, LTR/Copia"
"1029","AL2G18240",4,"DNA/Helitron, LTR/Copia"
"1030","AL2G18840",1,"DNA/Helitron"
"1031","AL2G29250",4,"DNA/Helitron, LTR/Copia, SINE/tRNA"
"1032","AL2G29310",1,"LINE/L1"
"1033","AL2G29370",1,"LTR/Ty3"
"1034","AL2G35840",1,"LINE/L1"
"1035","AL3G41080",1,"DNA/Helitron"
"1036","AL3G50380",2,"DNA/Helitron"
"1037","AL4G23910",1,"LTR/unknown"
"1038","AL5G18790",6,"LTR/unknown, DNA/Helitron"
"1039","AL5G18800",1,"LTR/Copia"
"1040","AL5G19550",1,"LINE/L1"
"1041","AL6G30050",1,"DNA/Helitron"
"1042","AL6G32102",2,"LINE/unknown, LINE/L1"
"1043","AL6G37960",1,"LINE/L1"
"1044","AL6G37970",1,"LINE/L1"
"1045","AL6G41700",2,"LINE/unknown, DNA/MULE-MuDR"
"1046","AL6G43420",2,"DNA/Helitron, LTR/unknown"
"1047","AL6G43560",1,"LINE/unknown"
"1048","AL6G45960",1,"DNA/Helitron"
"1049","AL6G46350",1,"SINE/tRNA"
"1050","AL6G46470",2,"LINE/L1"
"1051","AL6G51840",3,"DNA/Helitron, LINE/unknown, DNA/MULE-MuDR"
"1052","AL6G51870",3,"LINE/unknown, DNA/MULE-MuDR, DNA/Helitron"
"1053","AL7G34270",3,"LTR/Copia, SINE/tRNA, DNA/Helitron"
"1054","AL7G34280",3,"DNA/Helitron, SINE/tRNA, LTR/Copia"
"1055","AL7G34290",1,"DNA/Helitron"
"1056","AL7G45500",1,"LTR/Copia"
"1057","AL7G47550",1,"DNA/Helitron"
"1058","AL7G47570",4,"DNA/Helitron, LTR/unknown"
"1059","AL7G47590",3,"DNA/Helitron, LTR/unknown"
"1060","AL7G47600",5,"LTR/unknown, DNA/Helitron"
"1061","AL7G48660",1,"LINE/L1"
"1062","AL7G50290",1,"SINE/tRNA"
"1063","AL7G50960",4,"DNA/Helitron, SINE/tRNA"
"1064","AL7G51070",1,"SINE/tRNA"
"1065","AL7G51140",2,"LTR/Copia, SINE/tRNA"
"1066","AL7G52360",6,"DNA/Helitron, LINE/L1"
"1067","AL7G52380",2,"LINE/L1"
"1068","AL8G14230",1,"DNA/Helitron"
"1069","AL8G14370",1,"DNA/Helitron"
"1070","AL8G19400",2,"DNA/Helitron"
"1071","AL8G21140",1,"LINE/L1"
"1072","AL8G22560",1,"LINE/L1"
"1073","AL1G35130",1,"SINE/tRNA"
"1074","AL1G35270",1,"SINE/tRNA"
"1075","AL1G37850",3,"LTR/Ty3, DNA/Helitron"
"1076","AL1G59830",2,"DNA/Helitron"
"1077","AL1G59840",2,"LINE/L1, LTR/unknown"
"1078","AL2G11060",1,"DNA/Helitron"
"1079","AL2G11960",1,"LTR/Copia"
"1080","AL2G12500",3,"LTR/Copia"
"1081","AL2G12820",1,"DNA/Helitron"
"1082","AL2G13140",1,"LTR/Copia"
"1083","AL2G13150",1,"DNA/Helitron"
"1084","AL2G13170",1,"DNA/Helitron"
"1085","AL2G15130",1,"DNA/Helitron"
"1086","AL2G18220",2,"LTR/Copia"
"1087","AL2G18240",2,"LTR/Copia"
"1088","AL2G18840",1,"DNA/Helitron"
"1089","AL2G29250",2,"LTR/Copia, SINE/tRNA"
"1090","AL3G46820",1,"LTR/Copia"
"1091","AL3G50380",2,"LTR/Ty3"
"1092","AL4G23710",1,"LTR/Ty3"
"1093","AL4G23730",2,"LTR/Ty3, LINE/unknown"
"1094","AL4G23910",1,"LINE/unknown"
"1095","AL5G18790",4,"LTR/unknown"
"1096","AL6G27650",1,"LINE/L1"
"1097","AL6G30020",1,"LTR/Gypsy"
"1098","AL6G43560",1,"LINE/unknown"
"1099","AL6G45960",1,"LTR/Ty3"
"1100","AL6G46470",2,"LINE/L1"
"1101","AL7G34270",1,"DNA/Helitron"
"1102","AL7G34280",1,"DNA/Helitron"
"1103","AL7G47550",1,"DNA/Helitron"
"1104","AL7G47570",4,"LINE/L1, DNA/Helitron"
"1105","AL7G47600",1,"DNA/Helitron"
"1106","AL7G50290",2,"LTR/Copia"
"1107","AL7G50960",5,"DNA/Helitron, LTR/Copia"
"1108","AL7G51140",2,"LTR/Copia, SINE/tRNA"
"1109","AL7G52290",2,"LTR/Ty3"
"1110","AL7G52310",2,"LINE/L1"
"1111","AL7G52360",3,"LTR/Ty3, LINE/L1"
"1112","AL7G52380",4,"LTR/Ty3, LINE/L1"
"1113","AL7G52410",9,"LINE/L1, LTR/Copia, DNA/MULE-MuDR"
"1114","AL84U10010",1,"DNA/Helitron"
"1115","AL8G13580",1,"DNA/MULE-MuDR"
"1116","AL8G13710",4,"DNA/Helitron"
"1117","AL8G14230",1,"DNA/Helitron"
"1118","AL8G14370",1,"DNA/Helitron"
"1119","AL8G19400",3,"DNA/Helitron"
"1120","AL8G19410",2,"DNA/Helitron"
"1121","AL8G19430",2,"DNA/Helitron"
"1122","AL8G22560",1,"LINE/L1"
