Assembly.Accession;Assembly.Name;Organism.Name;Organism.Infraspecific.Names.Ecotype;Assembly.Stats.Total.Sequence.Length;Assembly.Level;Assembly.Release.Date;WGS.project.accession;Assembly.Stats.Contig.N50;Assembly.Stats.Scaffold.N50;Assembly.Sequencing.Tech;Assembly.BioProject.Accession;sample_name;geo_loc_name;geographic.location..latitude.;geographic.location..longitude.;ploidy;sample_name.1;subspecific.genetic.lineage.name;ecotype;g_name;or_name;gc_name;genetic_group;geo_group;relict
GCA_020911765.2;ASM2091176v2;Arabidopsis thaliana;Col-0;133917131;Chromosome;2022-07-07;;26150454;26150454;"PacBio; Oxford Nanopore; Illumina";PRJNA777107;ASM2091176v2;USA: Columbia;38.3;-92.3;NA;Col-0;NA;Col-0;A1;ASM2091176v2;GCA_020911765.2;Europe;Europe;non-relict
GCA_024498495.1;ASM2449849v1;Arabidopsis thaliana;6021;122660426;Chromosome;2022-08-01;;9901060;23758986;PacBio RSII;PRJNA779205;ASM2449849v1;Sweden;55.72;13.19;NA;Lu-1;NA;6021;A2;ASM2449849v1;GCA_024498495.1;Europe;Europe;non-relict
GCA_025388435.1;AtA1-141.20181003;Arabidopsis thaliana;71029;119223594;Chromosome;2022-09-25;JAMBAT01;13068673;23021001;Oxford Nanopore MinION;PRJNA834751;AtA1-141.20181003;France;43.5235;1.4761;NA;TOU-A;NA;71029;A3;AtA1.141.20181003;GCA_025388435.1;Europe;Europe;non-relict
GCA_036926925.1;ASM3692692v1;Arabidopsis thaliana;Yo-0;131797805;Chromosome;2024-02-29;JAWQUC01;14294971;25566022;Oxford Nanopore PromethION;PRJNA1033522;ASM3692692v1;USA;37.75;-119.58;NA;Yo-0;NA;Yo-0;A4;ASM3692692v1;GCA_036926925.1;Europe;Europe;non-relict
GCA_036926965.1;ASM3692696v1;Arabidopsis thaliana;Ri-0;128136386;Chromosome;2024-02-29;JAWQTY01;15036229;25433023;Oxford Nanopore PromethION;PRJNA1033522;ASM3692696v1;Canada;49.18;-123.13;NA;Ri-0;NA;Ri-0;A5;ASM3692696v1;GCA_036926965.1;Europe;Europe;non-relict
GCA_036926975.1;ASM3692697v1;Arabidopsis thaliana;Tsu-0;129592295;Chromosome;2024-02-29;JAWQUB01;13874141;25071630;Oxford Nanopore PromethION;PRJNA1033522;ASM3692697v1;Japan;34.73;136.5;NA;Tsu-0;NA;Tsu-0;A6;ASM3692697v1;GCA_036926975.1;Europe;Europe;non-relict
GCA_036927025.1;ASM3692702v1;Arabidopsis thaliana;Shahdara;133082069;Chromosome;2024-02-29;JAWQTZ01;14097773;25317144;Oxford Nanopore PromethION;PRJNA1033522;ASM3692702v1;Tajikistan;38.59;68.79;NA;Shahdara;NA;Shahdara;A7;ASM3692702v1;GCA_036927025.1;Asia;Asia;non-relict
GCA_036927045.1;ASM3692704v1;Arabidopsis thaliana;Shigu-2;130970342;Chromosome;2024-02-29;JAWQUA01;14497886;24794498;Oxford Nanopore PromethION;PRJNA1033522;ASM3692704v1;Russia;53.33;49.48;NA;Shigu-2;NA;Shigu-2;A8;ASM3692704v1;GCA_036927045.1;Asia;Europe;non-relict
GCA_036927085.1;ASM3692708v1;Arabidopsis thaliana;Oy-0;131393858;Chromosome;2024-02-29;JAWQTX01;14816524;24290278;Oxford Nanopore PromethION;PRJNA1033522;ASM3692708v1;Norway;60.39;6.19;NA;Oy-0;NA;Oy-0;A9;ASM3692708v1;GCA_036927085.1;Europe;Europe;non-relict
GCA_036927245.1;ASM3692724v1;Arabidopsis thaliana;JEA;129770716;Chromosome;2024-02-29;JAWQTV01;14713123;25841933;Oxford Nanopore PromethION;PRJNA1033522;ASM3692724v1;France;43.69;7.33;NA;JEA;NA;JEA;A10;ASM3692724v1;GCA_036927245.1;Europe;Europe;non-relict
GCA_036927255.1;ASM3692725v1;Arabidopsis thaliana;Nok-1;132599853;Chromosome;2024-02-29;JAWQTW01;13890529;26354557;Oxford Nanopore PromethION;PRJNA1033522;ASM3692725v1;Netherlands;52.24;4.45;NA;Nok-1;NA;Nok-1;A11;ASM3692725v1;GCA_036927255.1;Europe;Europe;non-relict
GCA_036927265.1;ASM3692726v1;Arabidopsis thaliana;Ge-0;132491861;Chromosome;2024-02-29;JAWQTU01;14385031;26793482;Oxford Nanopore PromethION;PRJNA1033522;ASM3692726v1;Switzerland;46.21;6.14;NA;Ge-0;NA;Ge-0;A12;ASM3692726v1;GCA_036927265.1;Europe;Europe;non-relict
GCA_036927275.1;ASM3692727v1;Arabidopsis thaliana;Ct-1;131229381;Chromosome;2024-02-29;JAWQTT01;13954847;24758959;Oxford Nanopore PromethION;PRJNA1033522;ASM3692727v1;Italy;37.51;15.09;NA;Ct-1;NA;Ct-1;A13;ASM3692727v1;GCA_036927275.1;Europe;Europe;non-relict
GCA_036927285.1;ASM3692728v1;Arabidopsis thaliana;Can-0;129962383;Chromosome;2024-02-29;JAWQTS01;12918157;25079509;Oxford Nanopore PromethION;PRJNA1033522;ASM3692728v1;Spain;29.21;-13.48;NA;Can-0;NA;Can-0;A14;ASM3692728v1;GCA_036927285.1;admix;Iberia;non-relict
GCA_036927355.1;ASM3692735v1;Arabidopsis thaliana;Cant-1;135625973;Chromosome;2024-02-29;JAWQTR01;13238605;26448103;Oxford Nanopore PromethION;PRJNA1033522;ASM3692735v1;Spain;41.24;-3;NA;Cant-1;NA;Cant-1;A15;ASM3692735v1;GCA_036927355.1;Africa;Europe;non-relict
GCA_036927365.1;ASM3692736v1;Arabidopsis thaliana;Blh-1;129606757;Chromosome;2024-02-29;JAWQTP01;14368148;25281030;Oxford Nanopore PromethION;PRJNA1033522;ASM3692736v1;Czech Republic;48.3;19.85;NA;Blh-1;NA;Blh-1;A16;ASM3692736v1;GCA_036927365.1;Europe;Europe;non-relict
GCA_036927375.1;ASM3692737v1;Arabidopsis thaliana;Bur-0;131802682;Chromosome;2024-02-29;JAWQTQ01;14319691;27406147;Oxford Nanopore PromethION;PRJNA1033522;ASM3692737v1;Ireland;53.87;-9.39;NA;Bur-0;NA;Bur-0;A17;ASM3692737v1;GCA_036927375.1;Europe;Europe;non-relict
GCA_036927385.1;ASM3692738v1;Arabidopsis thaliana;Bay-0;130229030;Chromosome;2024-02-29;JAWQTO01;14427628;26132052;Oxford Nanopore PromethION;PRJNA1033522;ASM3692738v1;Germany;49.95;11.57;NA;Bay-0;NA;Bay-0;A18;ASM3692738v1;GCA_036927385.1;Europe;Europe;relict
GCA_036927435.1;ASM3692743v1;Arabidopsis thaliana;Are-10;135806046;Chromosome;2024-02-29;JAWQTN01;14886835;28074637;Oxford Nanopore PromethION;PRJNA1033522;ASM3692743v1;Portugal;32.74;-16.93;NA;Are-10;NA;Are-10;A19;ASM3692743v1;GCA_036927435.1;Madeira;Madeira;relict
GCA_036927455.1;ASM3692745v1;Arabidopsis thaliana;Are-6;134784271;Chromosome;2024-02-29;JAWQTM01;14167301;28433430;Oxford Nanopore PromethION;PRJNA1033522;ASM3692745v1;Portugal;32.74;-16.93;NA;Are-6;NA;Are-6;A20;ASM3692745v1;GCA_036927455.1;Madeira;Madeira;relict
GCA_036927475.1;ASM3692747v1;Arabidopsis thaliana;Are-2;137599959;Chromosome;2024-02-29;JAWQTL01;14308372;28626378;Oxford Nanopore PromethION;PRJNA1033522;ASM3692747v1;Portugal;32.74;-16.93;NA;Are-2;NA;Are-2;A21;ASM3692747v1;GCA_036927475.1;Madeira;Madeira;relict
GCA_036927485.1;ASM3692748v1;Arabidopsis thaliana;Anz-0;137028654;Chromosome;2024-02-29;JAWQTK01;12733282;25296318;PacBio Sequel;PRJNA1033522;ASM3692748v1;Iran;37.5;49.37;NA;Anz-0;NA;Anz-0;A22;ASM3692748v1;GCA_036927485.1;Europe;Africa;non-relict
GCA_036927505.1;ASM3692750v1;Arabidopsis thaliana;Geg-14;131282113;Chromosome;2024-02-29;JAWQTJ01;11888122;26050993;PacBio Sequel;PRJNA1033522;ASM3692750v1;Armenia;40.14;44.82;NA;Geg-14;NA;Geg-14;A23;ASM3692750v1;GCA_036927505.1;Asia;Asia;non-relict
GCA_036936705.1;ASM3693670v1;Arabidopsis thaliana;Db-1;137524412;Chromosome;2024-03-01;;19722841;25540966;PacBio Sequel;PRJNA1033522;ASM3693670v1;Germany;50.28;8.36;NA;Db-1;NA;Db-1;A24;ASM3693670v1;GCA_036936705.1;Europe;Europe;non-relict
GCA_036936715.1;ASM3693671v1;Arabidopsis thaliana;Est-0;135155182;Chromosome;2024-03-01;;13123206;26777645;PacBio Sequel;PRJNA1033522;ASM3693671v1;Estonia;59.45;24.76;NA;Est-0;NA;Est-0;A25;ASM3693671v1;GCA_036936715.1;Europe;Europe;non-relict
GCA_036936845.1;ASM3693684v1;Arabidopsis thaliana;Kas-1;136722755;Chromosome;2024-03-01;;9795683;27048633;PacBio Sequel;PRJNA1033522;ASM3693684v1;India;34.2;76.83;NA;Kas-1;NA;Kas-1;A26;ASM3693684v1;GCA_036936845.1;Asia;Asia;non-relict
GCA_036936885.1;ASM3693688v1;Arabidopsis thaliana;Mh-0;135767870;Chromosome;2024-03-01;;21343497;26728269;PacBio Sequel;PRJNA1033522;ASM3693688v1;Poland;52.24;21.01;NA;Mh-0;NA;Mh-0;A27;ASM3693688v1;GCA_036936885.1;Europe;Europe;non-relict
GCA_036936895.1;ASM3693689v1;Arabidopsis thaliana;Mr-0;139368761;Chromosome;2024-03-01;;14184333;26343095;PacBio Sequel;PRJNA1033522;ASM3693689v1;Italy;44.5;9.5;NA;Mr-0;NA;Mr-0;A28;ASM3693689v1;GCA_036936895.1;Africa;Europe;non-relict
GCA_036936905.1;ASM3693690v1;Arabidopsis thaliana;Ms-0;136611995;Chromosome;2024-03-01;;13434763;27011175;PacBio Sequel;PRJNA1033522;ASM3693690v1;Russia;55.78;37.62;NA;Ms-0;NA;Ms-0;A29;ASM3693690v1;GCA_036936905.1;Asia;Europe;non-relict
GCA_036936915.1;ASM3693691v1;Arabidopsis thaliana;Co-4;134924136;Chromosome;2024-03-01;;15242895;27459689;PacBio Sequel;PRJNA1033522;ASM3693691v1;Portugal;40.23;-8.43;NA;Co-4;NA;Co-4;A30;ASM3693691v1;GCA_036936915.1;Europe;Europe;non-relict
GCA_036936945.1;ASM3693694v1;Arabidopsis thaliana;Est-1;136582209;Chromosome;2024-03-01;;12375209;26274126;PacBio Sequel;PRJNA1033522;ASM3693694v1;Estonia;58.3;25.3;NA;Est-1;NA;Est-1;A31;ASM3693694v1;GCA_036936945.1;Europe;Europe;non-relict
GCA_036936955.1;ASM3693695v1;Arabidopsis thaliana;Had-6b;134625600;Chromosome;2024-03-01;;12917983;26298377;PacBio Sequel;PRJNA1033522;ASM3693695v1;Lebanon;33.92;35.7;NA;Had-6b;NA;Had-6b;A32;ASM3693695v1;GCA_036936955.1;Africa;Africa;non-relict
GCA_036937005.1;ASM3693700v1;Arabidopsis thaliana;Hiroshima;140387680;Chromosome;2024-03-01;;22233363;27310543;PacBio Sequel;PRJNA1033522;ASM3693700v1;Japan;34.51;133.36;NA;Hiroshima;NA;Hiroshima;A33;ASM3693700v1;GCA_036937005.1;Asia;Asia;non-relict
GCA_036937185.1;ASM3693718v1;Arabidopsis thaliana;Ishikawa;140867131;Chromosome;2024-03-01;;10820658;27329115;PacBio Sequel;PRJNA1033522;ASM3693718v1;Japan;36.66;136.65;NA;Ishikawa;NA;Ishikawa;A34;ASM3693718v1;GCA_036937185.1;Asia;Asia;non-relict
GCA_036937335.1;ASM3693733v1;Arabidopsis thaliana;Kyr-1;136708680;Chromosome;2024-03-01;;11757191;25011401;PacBio Sequel;PRJNA1033522;ASM3693733v1;Kyrgyzstan;40.05;72.6;NA;Kyr-1;NA;Kyr-1;A35;ASM3693733v1;GCA_036937335.1;Asia;Asia;non-relict
GCA_036937385.1;ASM3693738v1;Arabidopsis thaliana;Nov-02;139499752;Chromosome;2024-03-01;;10607497;26053627;PacBio Sequel;PRJNA1033522;ASM3693738v1;Russia;51.75;80.83;NA;Nov-02;NA;Nov-02;A36;ASM3693738v1;GCA_036937385.1;Asia;Asia;non-relict
GCA_036937455.1;ASM3693745v1;Arabidopsis thaliana;Abd-0;134127428;Chromosome;2024-03-01;;18157913;27361900;PacBio Sequel;PRJNA1033522;ASM3693745v1;United Kingdom;57.15;-2.22;NA;Abd-0;NA;Abd-0;A37;ASM3693745v1;GCA_036937455.1;Europe;Europe;non-relict
GCA_036937465.1;ASM3693746v1;Arabidopsis thaliana;Rld-2;138707443;Chromosome;2024-03-01;;15207294;28014313;PacBio Sequel;PRJNA1033522;ASM3693746v1;Russia;56.27;34.33;NA;Rld-2;NA;Rld-2;A38;ASM3693746v1;GCA_036937465.1;Europe;Europe;non-relict
GCA_036937475.1;ASM3693747v1;Arabidopsis thaliana;Altai-5;137014786;Chromosome;2024-03-01;;15084202;26638640;PacBio Sequel;PRJNA1033522;ASM3693747v1;China;47.76;88.4;NA;Altai-5;NA;Altai-5;A39;ASM3693747v1;GCA_036937475.1;Asia;Asia;non-relict
GCA_036937505.1;ASM3693750v1;Arabidopsis thaliana;Kar-1;134343331;Chromosome;2024-03-01;;10478321;25615944;PacBio Sequel;PRJNA1033522;ASM3693750v1;Kyrgyzstan;42.3;74.37;NA;Kar-1;NA;Kar-1;A40;ASM3693750v1;GCA_036937505.1;Asia;Asia;non-relict
GCA_036937515.1;ASM3693751v1;Arabidopsis thaliana;RRS10;137553993;Chromosome;2024-03-01;;12733665;27352415;PacBio Sequel;PRJNA1033522;ASM3693751v1;USA;41.56;-86.43;NA;RRS10;NA;RRS10;A41;ASM3693751v1;GCA_036937515.1;Europe;Europe;non-relict
GCA_036937805.1;ASM3693780v1;Arabidopsis thaliana;Rubezhnoe-1;137009881;Chromosome;2024-03-01;;7262704;26563336;PacBio Sequel;PRJNA1033522;ASM3693780v1;Ukraine;50.47;30.52;NA;Rubezhnoe-1;NA;Rubezhnoe-1;A42;ASM3693780v1;GCA_036937805.1;Asia;Europe;non-relict
GCA_036937815.1;ASM3693781v1;Arabidopsis thaliana;Sus-1;136024298;Chromosome;2024-03-01;;6946514;26109597;PacBio Sequel;PRJNA1033522;ASM3693781v1;Kyrgyzstan;42.19;73.41;NA;Sus-1;NA;Sus-1;A43;ASM3693781v1;GCA_036937815.1;Asia;Asia;non-relict
GCA_036937985.1;ASM3693798v1;Arabidopsis thaliana;Sah-0;141634957;Chromosome;2024-03-01;;9960636;27604652;PacBio Sequel;PRJNA1033522;ASM3693798v1;Spain;40.44;-3.7;NA;Sah-0;NA;Sah-0;A44;ASM3693798v1;GCA_036937985.1;Africa;Africa;non-relict
GCA_036938785.1;ASM3693878v1;Arabidopsis thaliana;Zal-1;132046556;Chromosome;2024-03-01;;8823521;25429350;PacBio Sequel;PRJNA1033522;ASM3693878v1;Kyrgyzstan;42.8;76.35;NA;Zal-1;NA;Zal-1;A45;ASM3693878v1;GCA_036938785.1;Asia;Asia;non-relict
GCA_036939995.1;ASM3693999v1;Arabidopsis thaliana;Elh-2;136542177;Chromosome;2024-03-01;;12744662;26369208;PacBio Sequel;PRJNA1033522;ASM3693999v1;Morocco;31.47;-7.41;NA;Elh-2;NA;Elh-2;A46;ASM3693999v1;GCA_036939995.1;Africa;Africa;non-relict
GCA_036940305.1;ASM3694030v1;Arabidopsis thaliana;Edi-0;135069682;Chromosome;2024-03-01;;16268105;25678974;PacBio Sequel;PRJNA1033522;ASM3694030v1;United Kingdom;55.96;-3.19;NA;Edi-0;NA;Edi-0;A47;ASM3694030v1;GCA_036940305.1;Europe;Europe;non-relict
GCA_036940335.1;ASM3694033v1;Arabidopsis thaliana;Etna-2;140694555;Chromosome;2024-03-01;;10578066;26349072;PacBio Sequel;PRJNA1033522;ASM3694033v1;Italy;37.7;14.98;NA;Etna-2;NA;Etna-2;A48;ASM3694033v1;GCA_036940335.1;Africa;Europe;relict
GCA_036940405.1;ASM3694040v1;Arabidopsis thaliana;N13;135306961;Chromosome;2024-03-01;;10674293;26607879;PacBio Sequel;PRJNA1033522;ASM3694040v1;Russia;62.13;34.02;NA;N13;NA;N13;A49;ASM3694040v1;GCA_036940405.1;Asia;Europe;non-relict
GCA_036940415.1;ASM3694041v1;Arabidopsis thaliana;No-0;136157527;Chromosome;2024-03-01;;20694412;26661640;PacBio Sequel;PRJNA1033522;ASM3694041v1;Germany;51.07;13.3;NA;No-0;NA;No-0;A50;ASM3694041v1;GCA_036940415.1;Europe;Europe;non-relict
GCA_036940605.1;ASM3694060v1;Arabidopsis thaliana;Qar-8a;135870149;Chromosome;2024-03-01;;13373708;27455841;PacBio Sequel;PRJNA1033522;ASM3694060v1;Lebanon;34.1;35.84;NA;Qar-8a;NA;Qar-8a;A51;ASM3694060v1;GCA_036940605.1;Africa;Africa;non-relict
GCA_036940615.1;ASM3694061v1;Arabidopsis thaliana;Sf-2;139781231;Chromosome;2024-03-01;;14819018;26288746;PacBio Sequel;PRJNA1033522;ASM3694061v1;Spain;41.78;3.03;NA;Sf-2;NA;Sf-2;A52;ASM3694061v1;GCA_036940615.1;Europe;Europe;non-relict
GCA_036940625.1;ASM3694062v1;Arabidopsis thaliana;Tul-0;136927174;Chromosome;2024-03-01;;19614667;27643550;PacBio Sequel;PRJNA1033522;ASM3694062v1;USA;43.27;-85.26;NA;Tul-0;NA;Tul-0;A53;ASM3694062v1;GCA_036940625.1;Europe;Europe;non-relict
GCA_036940635.1;ASM3694063v1;Arabidopsis thaliana;Ice-1;134440800;Chromosome;2024-03-01;;12862919;24570931;PacBio Sequel;PRJNA1033522;ASM3694063v1;Iceland;64.92;-18.48;NA;Ice-1;NA;Ice-1;A54;ASM3694063v1;GCA_036940635.1;Europe;Europe;non-relict
GCA_036940645.1;ASM3694064v1;Arabidopsis thaliana;Rab-R1;147576663;Chromosome;2024-03-01;;8710807;30246993;PacBio Sequel;PRJNA1033522;ASM3694064v1;Portugal;32.75;-17.13;NA;Rab-R1;NA;Rab-R1;A55;ASM3694064v1;GCA_036940645.1;Madeira;Madeira;relict
GCA_036940715.1;ASM3694071v1;Arabidopsis thaliana;St-0;134536582;Chromosome;2024-03-01;;9672734;25775941;PacBio Sequel;PRJNA1033522;ASM3694071v1;Sweden;59.34;18.06;NA;St-0;NA;St-0;A56;ASM3694071v1;GCA_036940715.1;Europe;Europe;non-relict
GCA_036940825.1;ASM3694082v1;Arabidopsis thaliana;Stw-0;134702517;Chromosome;2024-03-01;;12878610;24679613;PacBio Sequel;PRJNA1033522;ASM3694082v1;Russia;52.84;36.92;NA;Stw-0;NA;Stw-0;A57;ASM3694082v1;GCA_036940825.1;Europe;Europe;non-relict
GCA_036940995.1;ASM3694099v1;Arabidopsis thaliana;Tanz-1;143441239;Chromosome;2024-03-01;;14499733;28408590;PacBio Sequel;PRJNA1033522;ASM3694099v1;Tanzania;-2.87;36.12;NA;Tanz-1;NA;Tanz-1;A58;ASM3694099v1;GCA_036940995.1;Africa;Africa;relict
GCA_036941165.1;ASM3694116v1;Arabidopsis thaliana;Taz-0;140182658;Chromosome;2024-03-01;;6863648;26222379;PacBio Sequel;PRJNA1033522;ASM3694116v1;Morocco;34.09;-4.1;NA;Taz-0;NA;Taz-0;A59;ASM3694116v1;GCA_036941165.1;Africa;Africa;non-relict
GCA_036941295.1;ASM3694129v1;Arabidopsis thaliana;ws-4;138894149;Chromosome;2024-03-01;;22451797;26572203;PacBio Sequel;PRJNA1033522;ASM3694129v1;Belarus;53.92;27.57;NA;ws-4;NA;ws-4;A60;ASM3694129v1;GCA_036941295.1;Europe;Europe;non-relict
GCA_036941465.1;ASM3694146v1;Arabidopsis thaliana;Zin9;138431362;Chromosome;2024-03-01;;13504901;25056625;PacBio Sequel;PRJNA1033522;ASM3694146v1;Morocco;35.45;-5.43;NA;Zin9;NA;Zin9;A61;ASM3694146v1;GCA_036941465.1;Africa;Africa;non-relict
GCA_036941635.1;ASM3694163v1;Arabidopsis thaliana;PYL-1;142799389;Chromosome;2024-03-01;;11056060;27787279;PacBio Sequel;PRJNA1033522;ASM3694163v1;France;44.59;-1.24;NA;PYL-1;NA;PYL-1;A62;ASM3694163v1;GCA_036941635.1;Europe;Europe;non-relict
GCA_036941785.1;ASM3694178v1;Arabidopsis thaliana;Valsi-1;135622609;Chromosome;2024-03-01;;18237250;25422156;PacBio Sequel;PRJNA1033522;ASM3694178v1;Italy;40.18;16.45;NA;Valsi-1;NA;Valsi-1;A63;ASM3694178v1;GCA_036941785.1;Europe;Europe;non-relict
GCA_036941915.1;ASM3694191v1;Arabidopsis thaliana;Dog-4;137696377;Chromosome;2024-03-01;;13541713;26836718;PacBio Sequel;PRJNA1033522;ASM3694191v1;Turkey;38.3;42.22;NA;Dog-4;NA;Dog-4;A64;ASM3694191v1;GCA_036941915.1;admix;Europe;non-relict
GCA_036941985.1;ASM3694198v1;Arabidopsis thaliana;Nemrut-1;136602798;Chromosome;2024-03-01;;14071672;26255871;PacBio Sequel;PRJNA1033522;ASM3694198v1;Turkey;38.64;42.24;NA;Nemrut-1;NA;Nemrut-1;A65;ASM3694198v1;GCA_036941985.1;admix;Europe;non-relict
GCA_036942075.1;ASM3694207v1;Arabidopsis thaliana;Toufl-1;137130331;Chromosome;2024-03-01;;19988671;25826460;PacBio Sequel;PRJNA1033522;ASM3694207v1;Morocco;31.47;-7.42;NA;Toufl-1;NA;Toufl-1;A66;ASM3694207v1;GCA_036942075.1;Africa;Africa;non-relict
GCA_036942405.1;ASM3694240v1;Arabidopsis thaliana;Are-1;132833845;Chromosome;2024-03-01;;14677118;26109457;Oxford Nanopore PromethION;PRJNA1033522;ASM3694240v1;Portugal;32.74;-16.93;NA;Are-1;NA;Are-1;A67;ASM3694240v1;GCA_036942405.1;Madeira;Madeira;relict
GCA_036942435.1;ASM3694243v1;Arabidopsis thaliana;Col-0;129256504;Chromosome;2024-03-01;;14714264;25619339;Oxford Nanopore PromethION;PRJNA1033522;ASM3694243v1;Poland;52.74;15.24;NA;Col-0.1;NA;Col-0;A68;ASM3694243v1;GCA_036942435.1;Europe;Europe;non-relict
GCA_036942445.1;ASM3694244v1;Arabidopsis thaliana;Bla-1;127968228;Chromosome;2024-03-01;;14242192;25872099;Oxford Nanopore PromethION;PRJNA1033522;ASM3694244v1;Spain;41.68;2.79;NA;Bla-1;NA;Bla-1;A69;ASM3694244v1;GCA_036942445.1;Europe;Europe;non-relict
GCA_036942575.1;ASM3694257v1;Arabidopsis thaliana;Cvi-0;134207035;Chromosome;2024-03-01;;14006506;26955220;Oxford Nanopore PromethION;PRJNA1033522;ASM3694257v1;Portugal;15.06;-23.73;NA;Cvi-0;NA;Cvi-0;A70;ASM3694257v1;GCA_036942575.1;Africa;CapeVerde;relict
GCA_036942965.1;ASM3694296v1;Arabidopsis thaliana;Ita-0;134967485;Chromosome;2024-03-01;;13972119;26409029;Oxford Nanopore PromethION;PRJNA1033522;ASM3694296v1;Morocco;34.09;-4.2;NA;Ita-0;NA;Ita-0;A71;ASM3694296v1;GCA_036942965.1;Africa;Africa;non-relict
GCA_036942975.1;ASM3694297v1;Arabidopsis thaliana;KZ9;128168578;Chromosome;2024-03-01;;14722447;25224211;Oxford Nanopore PromethION;PRJNA1033522;ASM3694297v1;Kazakhstan;49.5;73.1;NA;KZ9;NA;KZ9;A72;ASM3694297v1;GCA_036942975.1;Asia;Asia;non-relict
GCA_946402385.1;AUZE-A-5.PacbioHiFiAssembly;Arabidopsis thaliana;;134860377;Chromosome;2023-02-11;;11659389;28069850;PacBio Sequel II;PRJEB55353;AUZE-A-5;France;43.527792;1.491628;diploid;AUZE-A-5;AUZE-A-5;NA;A73;AUZE.A.5;GCA_946402385.1;Eurasian;Europe;non-relict
GCA_946403025.1;FERR-A-8.PacbioHiFiAssembly;Arabidopsis thaliana;;138179928;Chromosome;2023-02-11;;16709255;27014547;PacBio Sequel II;PRJEB55353;FERR-A-8;France;43.6577;2.4437;diploid;FERR-A-8;FERR-A-8;NA;A74;FERR.A.8;GCA_946403025.1;Eurasian;Europe;non-relict
GCA_946403525.1;BELC-C-10.PacbioHiFiAssembly;Arabidopsis thaliana;;135212263;Chromosome;2023-02-11;;18693612;26255448;PacBio Sequel II;PRJEB55353;BELC-C-10;France;44.389212;2.336636;diploid;BELC-C-10;BELC-C-10;NA;A75;BELC.C.10;GCA_946403525.1;Eurasian;Europe;non-relict
GCA_946404075.1;ANGE-B-10.PacbioHiFiAssembly;Arabidopsis thaliana;;136875108;Chromosome;2023-02-11;;14326833;27317069;PacBio Sequel II;PRJEB55353;ANGE-B-10;France;43.9121;1.6569;diploid;ANGE-B-10;ANGE-B-10;NA;A76;ANGE.B.10;GCA_946404075.1;Eurasian;Europe;non-relict
GCA_946404385.1;BARA-C-5.PacbioHiFiAssembly;Arabidopsis thaliana;;137365156;Chromosome;2023-02-11;;20794936;27765721;PacBio Sequel II;PRJEB55353;BARA-C-5;France;44.270842;2.427551;diploid;BARA-C-5;BARA-C-5;NA;A77;BARA.C.5;GCA_946404385.1;Eurasian;Europe;non-relict
GCA_946404515.1;IP-San-9.PacbioHiFiAssembly;Arabidopsis thaliana;;139502319;Chromosome;2023-02-11;;19407968;26208777;PacBio Sequel II;PRJEB55353;IP-San-9;Spain;38.331366;-3.508882;diploid;IP-San-9;IP-San-9;NA;A78;IP.San.9;GCA_946404515.1;Iberian relict;Iberia;relict
GCA_946404995.1;BANI-C-1.PacbioHiFiAssembly;Arabidopsis thaliana;;134087419;Chromosome;2023-02-11;;13254494;26598884;PacBio Sequel II;PRJEB55353;BANI-C-1;France;43.043644;0.234303;diploid;BANI-C-1;BANI-C-1;NA;A79;BANI.C.1;GCA_946404995.1;Eurasian;Europe;non-relict
GCA_946405265.1;IP-Met-6.PacbioHiFiAssembly;Arabidopsis thaliana;;139932771;Chromosome;2023-02-11;;27168424;27168424;PacBio Sequel II;PRJEB55353;IP-Met-6;Spain;40.261667;-4.154601;diploid;IP-Met-6;IP-Met-6;NA;A80;IP.Met.6;GCA_946405265.1;Iberian non-relict;Iberia;non-relict
GCA_946405525.1;FERR-A-12.PacbioHiFiAssembly;Arabidopsis thaliana;;135603680;Chromosome;2023-02-11;;21000804;26966216;PacBio Sequel II;PRJEB55353;FERR-A-12;France;43.657743;2.44371;diploid;FERR-A-12;FERR-A-12;NA;A81;FERR.A.12;GCA_946405525.1;Eurasian;Europe;non-relict
GCA_946405545.1;IP-Evs-12.PacbioHiFiAssembly;Arabidopsis thaliana;;136087190;Chromosome;2023-02-11;;19357519;25475495;PacBio Sequel II;PRJEB55353;IP-Evs-12;Spain;40.479175;-3.959696;diploid;IP-Evs-12;IP-Evs-12;NA;A82;IP.Evs.12;GCA_946405545.1;Iberian non-relict;Iberia;non-relict
GCA_946405725.1;IP-Med-0.PacbioHiFiAssembly;Arabidopsis thaliana;;140009643;Chromosome;2023-02-11;;13585863;27141005;PacBio Sequel II;PRJEB55353;IP-Med-0;Spain;42.455239;-6.765742;diploid;IP-Med-0;IP-Med-0;NA;A83;IP.Med.0;GCA_946405725.1;Iberian relict;Iberia;relict
GCA_946405905.1;MONTM-B-16.PacbioHiFiAssembly;Arabidopsis thaliana;;138389716;Chromosome;2023-02-11;;12449956;26870331;PacBio Sequel II;PRJEB55353;MONTM-B-16;France;42.861218;0.596869;diploid;MONTM-B-16;MONTM-B-16;NA;A84;MONTM.B.16;GCA_946405905.1;Eurasian;Europe;non-relict
GCA_946406325.1;IP-Alo-0.9506.PacbioHiFiAssembly;Arabidopsis thaliana;;136903266;Chromosome;2023-02-11;;16793502;25501837;PacBio Sequel II;PRJEB55353;IP-Alo-0.9506;Spain;40.109691;-7.476146;diploid;IP-Alo-0 (9506);IP-Alo-0;NA;A85;IP.Alo.0.9506;GCA_946406325.1;Iberian non-relict;Iberia;non-relict
GCA_946406525.1;Ler-0.7213.PacbioHiFiAssembly;Arabidopsis thaliana;;134510760;Chromosome;2023-02-11;;19473498;27335240;PacBio Sequel II;PRJEB55353;Ler-0.7213;Poland;52.7325;15.2369;diploid;Ler-0 (7213);Ler-0;NA;A86;Ler.0.7213;GCA_946406525.1;Eurasian;Europe;non-relict
GCA_946406595.1;BANI-C-12.PacbioHiFiAssembly;Arabidopsis thaliana;;138894758;Chromosome;2023-02-11;;25764249;27210190;PacBio Sequel II;PRJEB55353;BANI-C-12;France;43.043644;0.234303;diploid;BANI-C-12;BANI-C-12;NA;A87;BANI.C.12;GCA_946406595.1;Eurasian;Europe;non-relict
GCA_946406625.1;IP-Hom-4.9546.PacbioHiFiAssembly;Arabidopsis thaliana;;137760008;Chromosome;2023-02-11;;19886187;27150311;PacBio Sequel II;PRJEB55353;IP-Hom-4.9546;Spain;40.816799;-1.68601;diploid;IP-Hom-4 (9546);IP-Hom-4;NA;A88;IP.Hom.4.9546;GCA_946406625.1;Iberian non-relict;Iberia;non-relict
GCA_946406735.1;BARA-C-3.PacbioHiFiAssembly;Arabidopsis thaliana;;135922974;Chromosome;2023-02-11;;14933226;26804769;PacBio Sequel II;PRJEB55353;BARA-C-3;France;44.270842;2.427551;diploid;BARA-C-3;BARA-C-3;NA;A89;BARA.C.3;GCA_946406735.1;Eurasian;Europe;non-relict
GCA_946406895.1;Rabacal-1.22005.PacbioHiFiAssembly;Arabidopsis thaliana;;148251191;Chromosome;2023-02-11;;25417967;30448865;PacBio Sequel II;PRJEB55353;Rabacal-1.22005;Portugal;32.7536;-17.1297;diploid;Rabacal-1 (22005);Rabacal-1;NA;A90;Rabacal.1.22005;GCA_946406895.1;Non-Iberian relict;Madeira;relict
GCA_946406975.1;CAMA-C-2.PacbioHiFiAssembly;Arabidopsis thaliana;;135703562;Chromosome;2023-02-11;;21085798;26621778;PacBio Sequel II;PRJEB55353;CAMA-C-2;France;43.824878;2.881661;diploid;CAMA-C-2;CAMA-C-2;NA;A91;CAMA.C.2;GCA_946406975.1;Eurasian;Europe;non-relict
GCA_946407145.1;BARC-A-17.PacbioHiFiAssembly;Arabidopsis thaliana;;136636245;Chromosome;2023-02-11;;11664971;25562076;PacBio Sequel II;PRJEB55353;BARC-A-17;France;43.362044;0.387723;diploid;BARC-A-17;BARC-A-17;NA;A92;BARC.A.17;GCA_946407145.1;Eurasian;Europe;non-relict
GCA_946407795.1;IP-Lor-16.PacbioHiFiAssembly;Arabidopsis thaliana;;139083024;Chromosome;2023-02-11;;23022277;26986008;PacBio Sequel II;PRJEB55353;IP-Lor-16;Spain;38.860067;-0.263499;diploid;IP-Lor-16;IP-Lor-16;NA;A93;IP.Lor.16;GCA_946407795.1;Iberian relict;Iberia;relict
GCA_946408365.1;SALE-A-10.PacbioHiFiAssembly;Arabidopsis thaliana;;136065586;Chromosome;2023-02-11;;21701230;27042629;PacBio Sequel II;PRJEB55353;SALE-A-10;France;43.024966;0.965965;diploid;SALE-A-10;SALE-A-10;NA;A94;SALE.A.10;GCA_946408365.1;Eurasian;Europe;non-relict
GCA_946408575.1;CAMA-C-9.PacbioHiFiAssembly;Arabidopsis thaliana;;135007634;Chromosome;2023-02-11;;11614129;26621592;PacBio Sequel II;PRJEB55353;CAMA-C-9;France;43.824878;2.881661;diploid;CAMA-C-9;CAMA-C-9;NA;A95;CAMA.C.9;GCA_946408575.1;Eurasian;Europe;non-relict
GCA_946408975.1;BELC-C-12.PacbioHiFiAssembly;Arabidopsis thaliana;;135578048;Chromosome;2023-02-11;;18346446;26251802;PacBio Sequel II;PRJEB55353;BELC-C-12;France;44.389212;2.336636;diploid;BELC-C-12;BELC-C-12;NA;A96;BELC.C.12;GCA_946408975.1;Eurasian;Europe;non-relict
GCA_946409395.1;BROU-A-10.PacbioHiFiAssembly;Arabidopsis thaliana;;133375868;Chromosome;2023-02-11;;26307904;26307904;PacBio Sequel II;PRJEB55353;BROU-A-10;France;43.999349;2.621684;diploid;BROU-A-10;BROU-A-10;NA;A97;BROU.A.10;GCA_946409395.1;Eurasian;Europe;non-relict
GCA_946409815.1;SALE-A-17.PacbioHiFiAssembly;Arabidopsis thaliana;;134914634;Chromosome;2023-02-11;;15774412;27100462;PacBio Sequel II;PRJEB55353;SALE-A-17;France;43.024966;0.965965;diploid;SALE-A-17;SALE-A-17;NA;A98;SALE.A.17;GCA_946409815.1;Eurasian;Europe;non-relict
GCA_946410165.1;BARC-A-12.PacbioHiFiAssembly;Arabidopsis thaliana;;136411919;Chromosome;2023-02-11;;11494099;25562172;PacBio Sequel II;PRJEB55353;BARC-A-12;France;43.362044;0.387723;diploid;BARC-A-12;BARC-A-12;NA;A99;BARC.A.12;GCA_946410165.1;Eurasian;Europe;non-relict
GCA_946410485.1;IP-Alo-19.PacbioHiFiAssembly;Arabidopsis thaliana;;137851100;Chromosome;2023-02-11;;20805657;27483655;PacBio Sequel II;PRJEB55353;IP-Alo-19;Spain;40.109691;-7.476146;diploid;IP-Alo-19;IP-Alo-19;NA;A100;IP.Alo.19;GCA_946410485.1;Iberian relict;Iberia;relict
GCA_946411375.1;IP-Cas-0.9831.PacbioHiFiAssembly;Arabidopsis thaliana;;135495245;Chromosome;2023-02-11;;15437737;28266904;PacBio Sequel II;PRJEB55353;IP-Cas-0.9831;Spain;38.534077;-3.39072;diploid;IP-Cas-0 (9831);IP-Cas-0;NA;A101;IP.Cas.0.9831;GCA_946411375.1;Iberian non-relict;Iberia;non-relict
GCA_946411425.1;IP-Hom-0.PacbioHiFiAssembly;Arabidopsis thaliana;;141195012;Chromosome;2023-02-11;;12348600;28157379;PacBio Sequel II;PRJEB55353;IP-Hom-0;Spain;40.816799;-1.68601;diploid;IP-Hom-0;IP-Hom-0;NA;A102;IP.Hom.0;GCA_946411425.1;Iberian relict;Iberia;relict
GCA_946411655.1;MERE-A-13.PacbioHiFiAssembly;Arabidopsis thaliana;;141022646;Chromosome;2023-02-11;;24056380;27420427;PacBio Sequel II;PRJEB55353;MERE-A-13;France;42.656618;1.836221;diploid;MERE-A-13;MERE-A-13;NA;A103;MERE.A.13;GCA_946411655.1;Eurasian;Europe;non-relict
GCA_946411805.1;IP-Mos-9.PacbioHiFiAssembly;Arabidopsis thaliana;;142678626;Chromosome;2023-02-11;;11211428;27230469;PacBio Sequel II;PRJEB55353;IP-Mos-9;Spain;40.040579;-7.110302;diploid;IP-Mos-9;IP-Mos-9;NA;A104;IP.Mos.9;GCA_946411805.1;Iberian relict;Iberia;relict
GCA_946411885.1;IP-Mos-5.PacbioHiFiAssembly;Arabidopsis thaliana;;138054275;Chromosome;2023-02-11;;20845382;26449788;PacBio Sequel II;PRJEB55353;IP-Mos-5;Spain;40.040579;-7.110302;diploid;IP-Mos-5;IP-Mos-5;NA;A105;IP.Mos.5;GCA_946411885.1;Iberian non-relict;Iberia;non-relict
GCA_946412005.1;IP-Hum-4.PacbioHiFiAssembly;Arabidopsis thaliana;;133701549;Chromosome;2023-02-11;;17776434;25645729;PacBio Sequel II;PRJEB55353;IP-Hum-4;Spain;42.227184;-3.688887;diploid;IP-Hum-4;IP-Hum-4;NA;A106;IP.Hum.4;GCA_946412005.1;Eurasian;Iberia;relict
GCA_946412065.1;GAIL-B-11.PacbioHiFiAssembly;Arabidopsis thaliana;;134186912;Chromosome;2023-02-11;;16520788;26713173;PacBio Sequel II;PRJEB55353;GAIL-B-11;France;43.909032;1.901077;diploid;GAIL-B-11;GAIL-B-11;NA;A107;GAIL.B.11;GCA_946412065.1;Eurasian;Europe;non-relict
GCA_946412225.1;IP-Mdc-14.PacbioHiFiAssembly;Arabidopsis thaliana;;137508736;Chromosome;2023-02-11;;13049615;27872027;PacBio Sequel II;PRJEB55353;IP-Mdc-14;Spain;38.874341;-3.52962;diploid;IP-Mdc-14;IP-Mdc-14;NA;A108;IP.Mdc.14;GCA_946412225.1;Iberian non-relict;Iberia;non-relict
GCA_946413285.1;IP-Hum-2.9549.PacbioHiFiAssembly;Arabidopsis thaliana;;140009216;Chromosome;2023-02-11;;25772659;27685524;PacBio Sequel II;PRJEB55353;IP-Hum-2.9549;Spain;42.227184;-3.688887;diploid;IP-Hum-2 (9549);IP-Hum-2;NA;A109;IP.Hum.2.9549;GCA_946413285.1;Iberian relict;Iberia;relict
GCA_946413305.1;IP-Med-3.PacbioHiFiAssembly;Arabidopsis thaliana;;138709668;Chromosome;2023-02-11;;19287994;26375554;PacBio Sequel II;PRJEB55353;IP-Med-3;Spain;42.455239;-6.765742;diploid;IP-Med-3;IP-Med-3;NA;A110;IP.Med.3;GCA_946413305.1;Iberian non-relict;Iberia;non-relict
GCA_946413405.1;PREI-A-14.PacbioHiFiAssembly;Arabidopsis thaliana;;135797451;Chromosome;2023-02-11;;19452641;26303141;PacBio Sequel II;PRJEB55353;PREI-A-14;France;43.717856;0.623298;diploid;PREI-A-14;PREI-A-14;NA;A111;PREI.A.14;GCA_946413405.1;Eurasian;Europe;non-relict
GCA_946413935.1;IP-Sln-22.PacbioHiFiAssembly;Arabidopsis thaliana;;140705873;Chromosome;2023-02-11;;15008004;27329506;PacBio Sequel II;PRJEB55353;IP-Sln-22;Spain;40.356889;-3.994843;diploid;IP-Sln-22;IP-Sln-22;NA;A112;IP.Sln.22;GCA_946413935.1;Iberian relict;Iberia;relict
GCA_946414125.1;Cvi-0.6911.PacbioHiFiAssembly;Arabidopsis thaliana;;140383792;Chromosome;2023-02-11;;22707657;27112981;PacBio Sequel II;PRJEB55353;Cvi-0.6911;Cape Verde;15.1111;-23.6167;diploid;Cvi-0 (6911);Cvi-0;NA;A113;Cvi.0.6911;GCA_946414125.1;Africa;CapeVerde;relict
GCA_946414305.1;IP-Cat-0.9832.PacbioHiFiAssembly;Arabidopsis thaliana;;138014403;Chromosome;2023-02-11;;19173809;26833103;PacBio Sequel II;PRJEB55353;IP-Cat-0.9832;Spain;40.542081;-3.68695;diploid;IP-Cat-0 (9832);IP-Cat-0;NA;A114;IP.Cat.0.9832;GCA_946414305.1;Iberian relict;Iberia;relict
GCA_946415005.1;ANGE-B-2.PacbioHiFiAssembly;Arabidopsis thaliana;;136497488;Chromosome;2023-02-11;;18803918;27288621;PacBio Sequel II;PRJEB55353;ANGE-B-2;France;43.91214;1.656855;diploid;ANGE-B-2;ANGE-B-2;NA;A115;ANGE.B.2;GCA_946415005.1;Eurasian;Europe;non-relict
GCA_946415165.1;IP-Evs-0.9845.PacbioHiFiAssembly;Arabidopsis thaliana;;138694372;Chromosome;2023-02-11;;18929923;26489213;PacBio Sequel II;PRJEB55353;IP-Evs-0.9845;Spain;40.479175;-3.959696;diploid;IP-Evs-0 (9845);IP-Evs-0;NA;A116;IP.Evs.0.9845;GCA_946415165.1;Iberian non-relict;Iberia;non-relict
GCA_946415445.1;IP-Cas-6.PacbioHiFiAssembly;Arabidopsis thaliana;;138714818;Chromosome;2023-02-11;;14256094;27264270;PacBio Sequel II;PRJEB55353;IP-Cas-6;Spain;38.534077;-3.39072;diploid;IP-Cas-6;IP-Cas-6;NA;A117;IP.Cas.6;GCA_946415445.1;Iberian relict;Iberia;relict
GCA_946415625.1;MONTM-B-7.PacbioHiFiAssembly;Arabidopsis thaliana;;136598926;Chromosome;2023-02-11;;23831536;26852014;PacBio Sequel II;PRJEB55353;MONTM-B-7;France;42.861218;0.596869;diploid;MONTM-B-7;MONTM-B-7;NA;A118;MONTM.B.7;GCA_946415625.1;Eurasian;Europe;non-relict
GCA_946415655.1;LACR-C-14.PacbioHiFiAssembly;Arabidopsis thaliana;;134758332;Chromosome;2023-02-11;;14024397;27545476;PacBio Sequel II;PRJEB55353;LACR-C-14;France;43.000155;1.075624;diploid;LACR-C-14;LACR-C-14;NA;A119;LACR.C.14;GCA_946415655.1;Eurasian;Europe;non-relict
GCA_946499665.1;Ey15-2.9994.PacbioHiFiAssembly;Arabidopsis thaliana;;136135371;Chromosome;2022-08-27;;22129529;26874873;PacBio Sequel II;PRJEB50694;Ey15-2.9994;Germany;48.434522;8.767808;diploid;Ey15-2_9994;Ey15-2;NA;A120;Ey15.2.9994;GCA_946499665.1;Eurasian;Europe;non-relict
GCA_946499705.1;Col-0.6909.PacbioHiFiAssembly;Arabidopsis thaliana;;134556983;Chromosome;2022-08-27;;12643054;26150667;PacBio Sequel II;PRJEB50694;Col-0.6909;USA;38.3;-92.3;diploid;Col-0_6909;Col-0;NA;A121;Col.0.6909;GCA_946499705.1;Europe;Europe;non-relict
GCA_949796375.1;9336;Arabidopsis thaliana;;138386651;Chromosome;2023-04-11;;9714618;27060997;PacBio Sequel II;PRJEB55632;9336;Sweden;62.8794;18.4473;2;BÃ¶n 1;NA;NA;A122;9336;GCA_949796375.1;Eurasian;Europe;non-relict
GCA_949796385.1;9852;Arabidopsis thaliana;;138592812;Chromosome;2023-04-11;;18613550;26358531;PacBio Sequel II;PRJEB55632;9852;Spain;40.46;-3.75;2;IP-Ini-0;NA;NA;A123;9852;GCA_949796385.1;Iberian non-relict;Iberia;non-relict
GCA_949796415.1;9762;Arabidopsis thaliana;;140096025;Chromosome;2023-04-11;;8488419;27262250;PacBio Sequel II;PRJEB55632;9762;Italy;37.69;14.98;2;Etna-2.1;NA;NA;A124;9762;GCA_949796415.1;Africa;Europe;relict
GCA_949796455.1;7143;Arabidopsis thaliana;;133038965;Chromosome;2023-04-11;;15287920;26044309;PacBio Sequel II;PRJEB55632;7143;Netherlands;51.0167;5.86667;2;Gel-1;NA;NA;A125;7143;GCA_949796455.1;Eurasian;Europe;non-relict
GCA_949796475.1;9883;Arabidopsis thaliana;;136471597;Chromosome;2023-04-11;;11516797;26028663;PacBio Sequel II;PRJEB55632;9883;Spain;42.1;-2.56;2;IP-Piq-0;NA;NA;A126;9883;GCA_949796475.1;Eurasian;Iberia;non-relict
GCA_949796485.1;9900;Arabidopsis thaliana;;134330697;Chromosome;2023-04-11;;10981064;27314136;PacBio Sequel II;PRJEB55632;9900;Spain;37.38;-6.01;2;IP-Tri-0;NA;NA;A127;9900;GCA_949796485.1;Iberian non-relict;Iberia;non-relict
GCA_949796525.1;6923;Arabidopsis thaliana;;134098598;Chromosome;2023-04-11;;8441029;28738137;PacBio Sequel II;PRJEB55632;6923;United Kingdom;51.4083;-0.6383;2;HR-10;NA;NA;A128;6923;GCA_949796525.1;Eurasian;Europe;non-relict
GCA_949796605.1;9806;Arabidopsis thaliana;;136184452;Chromosome;2023-04-11;;11466786;27369393;PacBio Sequel II;PRJEB55632;9806;Germany;48.56;9.16;2;Ru-2;NA;NA;A129;9806;GCA_949796605.1;Eurasian;Europe;non-relict
GCA_949796635.1;8285;Arabidopsis thaliana;;137916722;Chromosome;2023-04-11;;9821434;26796854;PacBio Sequel II;PRJEB55632;8285;Czech Republic;49.4112;16.2815;2;DraIII-1;NA;NA;A130;8285;GCA_949796635.1;Eurasian;Europe;non-relict
GCA_949796645.1;6137;Arabidopsis thaliana;;136504882;Chromosome;2023-04-11;;19011747;26339632;PacBio Sequel II;PRJEB55632;6137;Sweden;55.9419;13.5603;2;T850;NA;NA;A131;6137;GCA_949796645.1;Eurasian;Europe;non-relict
GCA_949796655.1;9744;Arabidopsis thaliana;;135766151;Chromosome;2023-04-11;;11178775;27175644;PacBio Sequel II;PRJEB55632;9744;Romania;47.16;27.59;2;Iasi-1;NA;NA;A132;9744;GCA_949796655.1;Eurasian;Europe;non-relict
GCA_949796665.1;9879;Arabidopsis thaliana;;140805987;Chromosome;2023-04-11;;5951611;27173682;PacBio Sequel II;PRJEB55632;9879;Spain;37.6;-1.12;2;IP-Per-0;NA;NA;A133;9879;GCA_949796665.1;Iberian relict;Iberia;non-relict
GCA_949796705.1;9503;Arabidopsis thaliana;;135983243;Chromosome;2023-04-11;;8569625;28010412;PacBio Sequel II;PRJEB55632;9503;United Kingdom;55.8877;-3.21072;2;11C1;NA;NA;A134;9503;GCA_949796705.1;Eurasian;Europe;non-relict
GCA_949796715.1;9830;Arabidopsis thaliana;;132819722;Chromosome;2023-04-11;;9782689;27041555;PacBio Sequel II;PRJEB55632;9830;Spain;36.97;-3.28;2;IP-Bus-0;NA;NA;A135;9830;GCA_949796715.1;Iberian non-relict;Iberia;non-relict
GCA_949796755.1;9847;Arabidopsis thaliana;;134776285;Chromosome;2023-04-11;;9625350;28044082;PacBio Sequel II;PRJEB55632;9847;Spain;43.31;-5.7;2;IP-Fel-2;NA;NA;A136;9847;GCA_949796755.1;Eurasian;Iberia;non-relict