"og","gene","pseu"
"OG0000016","AL1G16610",NA
"OG0000016","AL1G23620","AL1G23620_NT1_v2_scaffold_1_copy_1"
"OG0000016","AL1G23620","AL1G23620_NT9_v2_scaffold_1_copy_1"
"OG0000016","AL1G23630","AL1G23630_AL27_v1_scaffold_1_copy_1"
"OG0000016","AL1G23630","AL1G23630_ALR_scaffold_1_copy_1"
"OG0000016","AL1G23630","AL1G23630_KN003hexa_v0_scaffold_1_copy_1"
"OG0000016","AL1G23630","AL1G23630_MN47_mabs_v3_scaffold_1_copy_1"
"OG0000016","AL1G23630","AL1G23630_NT1_v2_scaffold_1_copy_1"
"OG0000016","AL1G23630","AL1G23630_NT9_v2_scaffold_1_copy_1"
"OG0000016","AL1G23630","AL1G23630_TE11_v2_scaffold_1_copy_1"
"OG0000016","AL1G23630","AL1G23630_TE4_v1_scaffold_1_copy_1"
"OG0000016","AL1G23630","AL1G23630_TE8_v1_scaffold_1_copy_1"
"OG0000016","AL1G23970","AL1G23970_TE11_v2_scaffold_1_copy_1"
"OG0000016","AL1G23970","AL1G23970_TE4_v1_scaffold_1_copy_1"
"OG0000016","AL1G23970","AL1G23970_TE8_v1_scaffold_1_copy_1"
"OG0000016","AL1G24070","AL1G24070_ALR_scaffold_1_copy_2"
"OG0000016","AL1G24070","AL1G24070_F1-14_scaffold_1_copy_1"
"OG0000016","AL1G24070","AL1G24070_KN006_v1_scaffold_1_copy_1"
"OG0000016","AL1G24070","AL1G24070_MN47_mabs_v3_scaffold_1_copy_1"
"OG0000016","AL1G24070","AL1G24070_PU6_v3_fin_scaffold_1_copy_1"
"OG0000016","AL1G24070","AL1G24070_TE11_v2_scaffold_1_copy_1"
"OG0000016","AL1G24070","AL1G24070_TE4_v1_scaffold_1_copy_1"
"OG0000016","AL1G24080","AL1G24080_AL08_v2_f_scaffold_1_copy_1"
"OG0000016","AL1G24080","AL1G24080_ALR_scaffold_1_copy_1"
"OG0000016","AL1G24080","AL1G24080_KN006_v1_scaffold_1_copy_1"
"OG0000016","AL1G24080","AL1G24080_KN006_v1_scaffold_1_copy_2"
"OG0000016","AL1G24080","AL1G24080_MN47_mabs_v3_scaffold_1_copy_1"
"OG0000016","AL1G24080","AL1G24080_NT1_v2_scaffold_1_copy_1"
"OG0000016","AL1G24080","AL1G24080_NT1_v2_scaffold_1_copy_2"
"OG0000016","AL1G24080","AL1G24080_NT12_v2_scaffold_1_copy_1"
"OG0000016","AL1G24080","AL1G24080_NT12_v2_scaffold_1_copy_2"
"OG0000016","AL1G24080","AL1G24080_NT8_v2_fix_scaffold_1_copy_1"
"OG0000016","AL1G24080","AL1G24080_NT8_v2_fix_scaffold_1_copy_2"
"OG0000016","AL1G24080","AL1G24080_NT8_v2_fix_scaffold_1_copy_3"
"OG0000016","AL1G24080","AL1G24080_PU6_v3_fin_scaffold_1_copy_1"
"OG0000016","AL1G24080","AL1G24080_TE11_v2_scaffold_1_copy_1"
"OG0000016","AL1G24080","AL1G24080_TE4_v1_scaffold_1_copy_1"
"OG0000016","AL1G24080","AL1G24080_TE8_v1_scaffold_1_copy_1"
"OG0000016","AL1G24080","AL1G24080_WS1_v2_s_scaffold_1_copy_2"
"OG0000016","AL1G24180","AL1G24180_AL27_v1_scaffold_1_copy_2"
"OG0000016","AL1G24180","AL1G24180_KN003hexa_v0_scaffold_1_copy_2"
"OG0000016","AL1G24180","AL1G24180_MN47_mabs_v3_scaffold_1_copy_1"
"OG0000016","AL1G24180","AL1G24180_Nla_scaffold_1_copy_2"
"OG0000016","AL1G24180","AL1G24180_NT1_v2_scaffold_1_copy_1"
"OG0000016","AL1G24180","AL1G24180_WS1_v2_s_scaffold_1_copy_1"
"OG0000016","AL1G24190","AL1G24190_NT9_v2_scaffold_1_copy_1"
"OG0000016","AL1G24190","AL1G24190_TE8_v1_scaffold_1_copy_1"
"OG0000016","AL2G10190","AL2G10190_73_3a_scaffold_2_copy_1"
"OG0000016","AL2G10190","AL2G10190_KN003hexa_v0_scaffold_2_copy_1"
"OG0000016","AL2G10190","AL2G10190_KN005_v1_scaffold_2_copy_1"
"OG0000016","AL2G10190","AL2G10190_MN47_mabs_v3_scaffold_2_copy_1"
"OG0000016","AL2G11490",NA
"OG0000016","AL2G11830","AL2G11830_NT12_v2_scaffold_2_copy_2"
"OG0000016","AL2G12460","AL2G12460_BAM12_v2_scaffold_2_copy_1"
"OG0000016","AL2G12460","AL2G12460_BAM12_v2_scaffold_2_copy_2"
"OG0000016","AL2G12460","AL2G12460_KN006_v1_scaffold_2_copy_1"
"OG0000016","AL2G12460","AL2G12460_NT8_v2_fix_scaffold_2_copy_2"
"OG0000016","AL2G12460","AL2G12460_WS1_v2_s_scaffold_2_copy_1"
"OG0000016","AL2G12470","AL2G12470_F1-14_scaffold_2_copy_1"
"OG0000016","AL2G12470","AL2G12470_TE8_v1_scaffold_2_copy_1"
"OG0000016","AL2G12500","AL2G12500_73_3a_scaffold_2_copy_1"
"OG0000016","AL2G12500","AL2G12500_73_3a_scaffold_2_copy_2"
"OG0000016","AL2G12500","AL2G12500_AL27_v1_scaffold_2_copy_1"
"OG0000016","AL2G12500","AL2G12500_BAM12_v2_scaffold_2_copy_1"
"OG0000016","AL2G12500","AL2G12500_BAM12_v2_scaffold_2_copy_2"
"OG0000016","AL2G12500","AL2G12500_F1-14_scaffold_2_copy_1"
"OG0000016","AL2G12500","AL2G12500_MN47_mabs_v3_scaffold_2_copy_2"
"OG0000016","AL2G12500","AL2G12500_Nla_scaffold_2_copy_1"
"OG0000016","AL2G12500","AL2G12500_Nla_scaffold_2_copy_2"
"OG0000016","AL2G12500","AL2G12500_NT12_v2_scaffold_2_copy_1"
"OG0000016","AL2G12500","AL2G12500_NT8_v2_fix_scaffold_2_copy_1"
"OG0000016","AL2G12500","AL2G12500_NT9_v2_scaffold_6_copy_1"
"OG0000016","AL2G12500","AL2G12500_NT9_v2_scaffold_2_copy_1"
"OG0000016","AL2G12500","AL2G12500_PU6_v3_fin_scaffold_2_copy_1"
"OG0000016","AL2G12500","AL2G12500_TE8_v1_scaffold_2_copy_2"
"OG0000016","AL2G12780","AL2G12780_al1_v2_s_scaffold_2_copy_1"
"OG0000016","AL2G12790","AL2G12790_F1-14_scaffold_2_copy_1"
"OG0000016","AL2G12790","AL2G12790_KN005_v1_scaffold_2_copy_1"
"OG0000016","AL2G12790","AL2G12790_KN006_v1_scaffold_2_copy_1"
"OG0000016","AL2G12790","AL2G12790_NT1_v2_scaffold_2_copy_1"
"OG0000016","AL2G12810","AL2G12810_AL08_v2_f_scaffold_2_copy_1"
"OG0000016","AL2G12810","AL2G12810_KN005_v1_scaffold_2_copy_1"
"OG0000016","AL2G12810","AL2G12810_NT9_v2_scaffold_2_copy_1"
"OG0000016","AL2G12810","AL2G12810_PU6_v3_fin_scaffold_2_copy_1"
"OG0000016","AL2G12820","AL2G12820_KN006_v1_scaffold_2_copy_2"
"OG0000016","AL2G12820","AL2G12820_NT1_v2_scaffold_2_copy_1"
"OG0000016","AL2G12820","AL2G12820_NT1_v2_scaffold_2_copy_2"
"OG0000016","AL2G12820","AL2G12820_NT9_v2_scaffold_2_copy_1"
"OG0000016","AL2G12830","AL2G12830_F1-14_scaffold_2_copy_2"
"OG0000016","AL2G13070",NA
"OG0000016","AL2G13120",NA
"OG0000016","AL2G13130","AL2G13130_73_3a_scaffold_2_copy_1"
"OG0000016","AL2G13130","AL2G13130_73_3a_scaffold_2_copy_2"
"OG0000016","AL2G13130","AL2G13130_AL08_v2_f_scaffold_2_copy_1"
"OG0000016","AL2G13130","AL2G13130_al1_v2_s_scaffold_2_copy_2"
"OG0000016","AL2G13130","AL2G13130_AL27_v1_scaffold_2_copy_1"
"OG0000016","AL2G13130","AL2G13130_AL27_v1_scaffold_2_copy_2"
"OG0000016","AL2G13130","AL2G13130_BAM12_v2_scaffold_2_copy_1"
"OG0000016","AL2G13130","AL2G13130_BAM12_v2_scaffold_2_copy_2"
"OG0000016","AL2G13130","AL2G13130_BOR_v1_scaffold_2_copy_1"
"OG0000016","AL2G13130","AL2G13130_BOR_v1_scaffold_2_copy_3"
"OG0000016","AL2G13130","AL2G13130_F1-14_scaffold_2_copy_1"
"OG0000016","AL2G13130","AL2G13130_KN003hexa_v0_scaffold_2_copy_2"
"OG0000016","AL2G13130","AL2G13130_KN005_v1_scaffold_2_copy_1"
"OG0000016","AL2G13130","AL2G13130_KN006_v1_scaffold_2_copy_3"
"OG0000016","AL2G13130","AL2G13130_MN47_mabs_v3_scaffold_2_copy_1"
"OG0000016","AL2G13130","AL2G13130_Nla_scaffold_2_copy_1"
"OG0000016","AL2G13130","AL2G13130_Nla_scaffold_2_copy_2"
"OG0000016","AL2G13130","AL2G13130_NT12_v2_scaffold_2_copy_1"
"OG0000016","AL2G13130","AL2G13130_NT12_v2_scaffold_2_copy_2"
"OG0000016","AL2G13130","AL2G13130_NT12_v2_scaffold_2_copy_3"
"OG0000016","AL2G13130","AL2G13130_NT8_v2_fix_scaffold_2_copy_2"
"OG0000016","AL2G13130","AL2G13130_PU6_v3_fin_scaffold_2_copy_1"
"OG0000016","AL2G13130","AL2G13130_PU6_v3_fin_scaffold_2_copy_2"
"OG0000016","AL2G13130","AL2G13130_TE11_v2_scaffold_2_copy_1"
"OG0000016","AL2G13130","AL2G13130_TE8_v1_scaffold_2_copy_3"
"OG0000016","AL2G13130","AL2G13130_WS1_v2_s_scaffold_2_copy_2"
"OG0000016","AL2G13140","AL2G13140_73_3a_scaffold_2_copy_1"
"OG0000016","AL2G13140","AL2G13140_AL08_v2_f_scaffold_2_copy_1"
"OG0000016","AL2G13140","AL2G13140_AL08_v2_f_scaffold_2_copy_2"
"OG0000016","AL2G13140","AL2G13140_al1_v2_s_scaffold_2_copy_1"
"OG0000016","AL2G13140","AL2G13140_ALR_scaffold_2_copy_2"
"OG0000016","AL2G13140","AL2G13140_BAM12_v2_scaffold_2_copy_1"
"OG0000016","AL2G13140","AL2G13140_F1-14_scaffold_2_copy_2"
"OG0000016","AL2G13140","AL2G13140_KN003hexa_v0_scaffold_2_copy_1"
"OG0000016","AL2G13140","AL2G13140_KN005_v1_scaffold_2_copy_1"
"OG0000016","AL2G13140","AL2G13140_KN006_v1_scaffold_2_copy_1"
"OG0000016","AL2G13140","AL2G13140_MN47_mabs_v3_scaffold_2_copy_2"
"OG0000016","AL2G13140","AL2G13140_Nla_scaffold_2_copy_1"
"OG0000016","AL2G13140","AL2G13140_Nla_scaffold_2_copy_2"
"OG0000016","AL2G13140","AL2G13140_TE8_v1_scaffold_2_copy_1"
"OG0000016","AL2G13150","AL2G13150_KN005_v1_scaffold_2_copy_2"
"OG0000016","AL2G13150","AL2G13150_NT8_v2_fix_scaffold_2_copy_1"
"OG0000016","AL2G13170","AL2G13170_ALR_scaffold_2_copy_1"
"OG0000016","AL2G13170","AL2G13170_F1-14_scaffold_2_copy_2"
"OG0000016","AL2G13170","AL2G13170_MN47_mabs_v3_scaffold_2_copy_1"
"OG0000016","AL2G13170","AL2G13170_NT12_v2_scaffold_2_copy_2"
"OG0000016","AL2G13280","AL2G13280_AL08_v2_f_scaffold_2_copy_1"
"OG0000016","AL2G13280","AL2G13280_al1_v2_s_scaffold_2_copy_1"
"OG0000016","AL2G13280","AL2G13280_NT8_v2_fix_scaffold_2_copy_1"
"OG0000016","AL2G13280","AL2G13280_PU6_v3_fin_scaffold_2_copy_1"
"OG0000016","AL2G18840","AL2G18840_AL08_v2_f_scaffold_2_copy_2"
"OG0000016","AL2G18840","AL2G18840_KN003hexa_v0_scaffold_2_copy_1"
"OG0000016","AL2G18840","AL2G18840_KN005_v1_scaffold_2_copy_1"
"OG0000016","AL2G18840","AL2G18840_KN006_v1_scaffold_2_copy_1"
"OG0000016","AL2G18840","AL2G18840_MN47_mabs_v3_scaffold_2_copy_1"
"OG0000016","AL3G29642","AL3G29642_al1_v2_s_scaffold_3_copy_1"
"OG0000016","AL3G36780","AL3G36780_AL27_v1_scaffold_3_copy_1"
"OG0000016","AL3G36780","AL3G36780_WS1_v2_s_scaffold_3_copy_1"
"OG0000016","AL6G27650",NA
"OG0000016","AL7G48260",NA
"OG0000093","AL3G36200",NA
"OG0000093","AL3G36220","AL3G36220_KN003hexa_v0_scaffold_3_copy_1"
"OG0000093","AL3G36220","AL3G36220_KN005_v1_scaffold_3_copy_1"
"OG0000093","AL3G36220","AL3G36220_KN006_v1_scaffold_3_copy_1"
"OG0000093","AL3G36220","AL3G36220_MN47_mabs_v3_scaffold_3_copy_1"
"OG0000093","AL3G38320",NA
"OG0000126","AL1G17600","AL1G17600_F1-14_scaffold_1_copy_1"
"OG0000126","AL41U1005",NA
"OG0000126","AL41U1006","AL41U10060_TE11_v2_scaffold_4_copy_1"
"OG0000126","AL41U1006","AL41U10060_TE4_v1_scaffold_4_copy_1"
"OG0000126","AL4G23710",NA
"OG0000126","AL4G23730","AL4G23730_PU6_v3_fin_scaffold_4_copy_1"
"OG0000126","AL4G23850","AL4G23850_NT1_v2_scaffold_4_copy_1"
"OG0000126","AL4G23850","AL4G23850_TE4_v1_scaffold_4_copy_1"
"OG0000126","AL4G23850","AL4G23850_WS1_v2_s_scaffold_4_copy_1"
"OG0000126","AL4G23910","AL4G23910_TE4_v1_scaffold_4_copy_1"
"OG0000126","AL4G23920","AL4G23920_al1_v2_s_scaffold_4_copy_1"
"OG0000126","AL4G23920","AL4G23920_AL27_v1_scaffold_4_copy_1"
"OG0000126","AL4G23920","AL4G23920_BAM12_v2_scaffold_4_copy_1"
"OG0000126","AL4G23920","AL4G23920_BOR_v1_scaffold_4_copy_1"
"OG0000126","AL4G23920","AL4G23920_KN003hexa_v0_scaffold_4_copy_1"
"OG0000126","AL4G23920","AL4G23920_KN005_v1_scaffold_4_copy_1"
"OG0000126","AL4G23920","AL4G23920_Nla_scaffold_4_copy_1"
"OG0000126","AL4G23920","AL4G23920_NT1_v2_scaffold_4_copy_1"
"OG0000126","AL4G23920","AL4G23920_NT8_v2_fix_scaffold_4_copy_1"
"OG0000126","AL4G23920","AL4G23920_NT9_v2_scaffold_4_copy_1"
"OG0000126","AL4G23920","AL4G23920_TE4_v1_scaffold_4_copy_1"
"OG0000126","AL4G23930","AL4G23930_NT8_v2_fix_scaffold_4_copy_1"
"OG0000126","AL6G16010","AL6G16010_NT8_v2_fix_scaffold_6_copy_1"
"OG0000126","AL84U1001",NA
"OG0000200","AL4G22240","AL4G22240_AL27_v1_scaffold_4_copy_1"
"OG0000200","AL7G47540","AL7G47540_MN47_mabs_v3_scaffold_7_copy_1"
"OG0000200","AL7G47540","AL7G47540_NT12_v2_scaffold_7_copy_1"
"OG0000200","AL7G47540","AL7G47540_NT9_v2_scaffold_7_copy_1"
"OG0000200","AL7G47540","AL7G47540_PU6_v3_fin_scaffold_7_copy_1"
"OG0000200","AL7G47550","AL7G47550_NT8_v2_fix_scaffold_7_copy_2"
"OG0000200","AL7G47550","AL7G47550_WS1_v2_s_scaffold_7_copy_2"
"OG0000200","AL7G47570","AL7G47570_F1-14_scaffold_4_copy_1"
"OG0000200","AL7G47570","AL7G47570_MN47_mabs_v3_scaffold_7_copy_1"
"OG0000200","AL7G47570","AL7G47570_PU6_v3_fin_scaffold_7_copy_2"
"OG0000200","AL7G47570","AL7G47570_WS1_v2_s_scaffold_7_copy_1"
"OG0000200","AL7G47570","AL7G47570_WS1_v2_s_scaffold_7_copy_3"
"OG0000200","AL7G47590","AL7G47590_al1_v2_s_scaffold_7_copy_1"
"OG0000200","AL7G47590","AL7G47590_ALR_scaffold_5_copy_1"
"OG0000200","AL7G47590","AL7G47590_MN47_mabs_v3_scaffold_7_copy_1"
"OG0000200","AL7G47590","AL7G47590_MN47_mabs_v3_scaffold_7_copy_2"
"OG0000200","AL7G47590","AL7G47590_NT8_v2_fix_scaffold_7_copy_1"
"OG0000200","AL7G47590","AL7G47590_NT8_v2_fix_scaffold_7_copy_2"
"OG0000200","AL7G47590","AL7G47590_TE11_v2_scaffold_7_copy_1"
"OG0000200","AL7G47600","AL7G47600_AL27_v1_scaffold_4_copy_1"
"OG0000200","AL7G47600","AL7G47600_ALR_scaffold_5_copy_1"
"OG0000200","AL7G47600","AL7G47600_KN003hexa_v0_scaffold_4_copy_1"
"OG0000200","AL7G47600","AL7G47600_MN47_mabs_v3_scaffold_7_copy_1"
"OG0000200","AL7G47600","AL7G47600_MN47_mabs_v3_scaffold_4_copy_1"
"OG0000200","AL7G47600","AL7G47600_Nla_scaffold_7_copy_1"
"OG0000200","AL7G47600","AL7G47600_NT12_v2_scaffold_7_copy_1"
"OG0000200","AL7G47600","AL7G47600_NT12_v2_scaffold_7_copy_2"
"OG0000200","AL7G47600","AL7G47600_NT12_v2_scaffold_7_copy_3"
"OG0000200","AL7G47600","AL7G47600_NT8_v2_fix_scaffold_7_copy_4"
"OG0000200","AL7G47600","AL7G47600_WS1_v2_s_scaffold_7_copy_3"
"OG0000200","AL7G47600","AL7G47600_WS1_v2_s_scaffold_7_copy_4"
"OG0000200","AL7G47600","AL7G47600_WS1_v2_s_scaffold_7_copy_5"
"OG0000200","AL7G47850","AL7G47850_AL27_v1_scaffold_7_copy_1"
"OG0000200","AL7G47850","AL7G47850_BAM12_v2_scaffold_7_copy_1"
"OG0000200","AL7G47850","AL7G47850_NT12_v2_scaffold_7_copy_1"
"OG0000200","AL7G47850","AL7G47850_PU6_v3_fin_scaffold_7_copy_1"
"OG0000200","AL7G47850","AL7G47850_TE4_v1_scaffold_7_copy_1"
"OG0000200","AL7G47870","AL7G47870_AL27_v1_scaffold_7_copy_1"
"OG0000200","AL7G47870","AL7G47870_KN005_v1_scaffold_7_copy_1"
"OG0000200","AL7G47890","AL7G47890_AL08_v2_f_scaffold_7_copy_1"
"OG0000200","AL7G47890","AL7G47890_AL27_v1_scaffold_7_copy_1"
"OG0000200","AL7G47890","AL7G47890_BAM12_v2_scaffold_7_copy_1"
"OG0000200","AL7G47890","AL7G47890_BOR_v1_scaffold_7_copy_1"
"OG0000200","AL7G47890","AL7G47890_NT12_v2_scaffold_7_copy_1"
"OG0000200","AL7G47890","AL7G47890_NT8_v2_fix_scaffold_7_copy_1"
"OG0000200","AL7G47890","AL7G47890_TE11_v2_scaffold_7_copy_1"
"OG0000200","AL7G47890","AL7G47890_TE8_v1_scaffold_7_copy_1"
"OG0000200","AL7G48650","AL7G48650_AL27_v1_scaffold_7_copy_1"
"OG0000200","AL7G48650","AL7G48650_TE4_v1_scaffold_7_copy_1"
"OG0000200","AL7G48660",NA
"OG0000200","AL7G48670","AL7G48670_BOR_v1_scaffold_7_copy_1"
"OG0000200","AL7G48670","AL7G48670_KN005_v1_scaffold_7_copy_1"
"OG0000228","AL3G46810","AL3G46810_BOR_v1_scaffold_3_copy_1"
"OG0000228","AL3G46810","AL3G46810_NT1_v2_scaffold_3_copy_1"
"OG0000228","AL3G46810","AL3G46810_NT8_v2_fix_scaffold_3_copy_1"
"OG0000228","AL3G46820","AL3G46820_KN006_v1_scaffold_3_copy_1"
"OG0000228","AL3G46820","AL3G46820_MN47_mabs_v3_scaffold_3_copy_1"
"OG0000228","AL3G46820","AL3G46820_WS1_v2_s_scaffold_3_copy_1"
"OG0000228","AL7G45500",NA
"OG0000266","AL6G28990","AL6G28990_PU6_v3_fin_scaffold_6_copy_1"
"OG0000266","AL7G14900",NA
"OG0000266","AL8G13580","AL8G13580_Nla_scaffold_8_copy_1"
"OG0000266","AL8G13710","AL8G13710_NT1_v2_scaffold_8_copy_1"
"OG0000266","AL8G13710","AL8G13710_WS1_v2_s_scaffold_8_copy_1"
"OG0000266","AL8G13740","AL8G13740_BAM12_v2_scaffold_6_copy_1"
"OG0000266","AL8G13740","AL8G13740_KN003hexa_v0_scaffold_7_copy_1"
"OG0000266","AL8G13740","AL8G13740_KN005_v1_scaffold_1_copy_1"
"OG0000266","AL8G13740","AL8G13740_MN47_mabs_v3_scaffold_8_copy_1"
"OG0000266","AL8G13740","AL8G13740_NT12_v2_scaffold_3_copy_1"
"OG0000266","AL8G13740","AL8G13740_NT9_v2_scaffold_6_copy_1"
"OG0000266","AL8G14230","AL8G14230_AL27_v1_scaffold_8_copy_1"
"OG0000266","AL8G14230","AL8G14230_F1-14_scaffold_8_copy_1"
"OG0000266","AL8G14230","AL8G14230_MN47_mabs_v3_scaffold_8_copy_1"
"OG0000266","AL8G14230","AL8G14230_NT1_v2_scaffold_8_copy_1"
"OG0000266","AL8G14320",NA
"OG0000266","AL8G14370","AL8G14370_AL27_v1_scaffold_8_copy_1"
"OG0000266","AL8G14370","AL8G14370_AL27_v1_scaffold_8_copy_2"
"OG0000266","AL8G14370","AL8G14370_F1-14_scaffold_8_copy_1"
"OG0000266","AL8G14370","AL8G14370_MN47_mabs_v3_scaffold_8_copy_2"
"OG0000266","AL8G14370","AL8G14370_NT1_v2_scaffold_8_copy_1"
"OG0000297","AL7G34270","AL7G34270_BAM12_v2_scaffold_7_copy_1"
"OG0000297","AL7G34270","AL7G34270_F1-14_scaffold_6_copy_1"
"OG0000297","AL7G34270","AL7G34270_NT12_v2_scaffold_7_copy_1"
"OG0000297","AL7G34270","AL7G34270_NT8_v2_fix_scaffold_7_copy_1"
"OG0000297","AL7G34270","AL7G34270_NT9_v2_scaffold_7_copy_1"
"OG0000297","AL7G34270","AL7G34270_PU6_v3_fin_scaffold_7_copy_1"
"OG0000297","AL7G34270","AL7G34270_TE4_v1_scaffold_7_copy_1"
"OG0000297","AL7G34270","AL7G34270_TE8_v1_scaffold_7_copy_1"
"OG0000297","AL7G34280",NA
"OG0000297","AL7G34290",NA
"OG0000320","AL3G14170","AL3G14170_AL27_v1_scaffold_3_copy_1"
"OG0000320","AL3G14170","AL3G14170_BOR_v1_scaffold_3_copy_1"
"OG0000320","AL3G14170","AL3G14170_F1-14_scaffold_3_copy_1"
"OG0000320","AL3G14170","AL3G14170_Nla_scaffold_3_copy_1"
"OG0000320","AL4G22780",NA
"OG0000347","AL2G34810",NA
"OG0000347","AL3G50380",NA
"OG0000347","AL496U100",NA
"OG0000347","AL5G18790",NA
"OG0000347","AL5G18800","AL5G18800_NT1_v2_scaffold_5_copy_1"
"OG0000347","AL5G32600",NA
"OG0000347","AL5G34240","AL5G34240_NT1_v2_scaffold_5_copy_1"
"OG0000347","AL6G41670",NA
"OG0000347","AL6G41680",NA
"OG0000347","AL6G41690","AL6G41690_al1_v2_s_scaffold_6_copy_4"
"OG0000347","AL6G41700","AL6G41700_al1_v2_s_scaffold_6_copy_5"
"OG0000347","AL6G51840",NA
"OG0000347","AL6G51870",NA
"OG0000360","AL2G29250","AL2G29250_al1_v2_s_scaffold_2_copy_1"
"OG0000360","AL2G29250","AL2G29250_ALR_scaffold_2_copy_1"
"OG0000360","AL2G29250","AL2G29250_BAM12_v2_scaffold_2_copy_1"
"OG0000360","AL2G29250","AL2G29250_KN005_v1_scaffold_2_copy_1"
"OG0000360","AL2G29250","AL2G29250_KN006_v1_scaffold_2_copy_1"
"OG0000360","AL2G29250","AL2G29250_MN47_mabs_v3_scaffold_2_copy_1"
"OG0000360","AL2G29250","AL2G29250_Nla_scaffold_2_copy_1"
"OG0000360","AL2G29250","AL2G29250_NT1_v2_scaffold_2_copy_1"
"OG0000360","AL2G29250","AL2G29250_NT12_v2_scaffold_2_copy_1"
"OG0000360","AL2G29250","AL2G29250_NT8_v2_fix_scaffold_2_copy_1"
"OG0000360","AL2G29250","AL2G29250_NT9_v2_scaffold_2_copy_1"
"OG0000360","AL2G29250","AL2G29250_PU6_v3_fin_scaffold_2_copy_1"
"OG0000360","AL2G29250","AL2G29250_TE11_v2_scaffold_2_copy_1"
"OG0000360","AL2G29250","AL2G29250_TE4_v1_scaffold_2_copy_1"
"OG0000360","AL2G29250","AL2G29250_TE8_v1_scaffold_2_copy_1"
"OG0000360","AL2G29250","AL2G29250_WS1_v2_s_scaffold_2_copy_1"
"OG0000360","AL2G29260","AL2G29260_MN47_mabs_v3_scaffold_2_copy_1"
"OG0000360","AL2G29280",NA
"OG0000360","AL2G29310","AL2G29310_73_3a_scaffold_3_copy_1"
"OG0000360","AL2G29310","AL2G29310_BAM12_v2_scaffold_2_copy_1"
"OG0000360","AL2G29310","AL2G29310_F1-14_scaffold_7_copy_1"
"OG0000360","AL2G29310","AL2G29310_NT8_v2_fix_scaffold_2_copy_1"
"OG0000360","AL2G29310","AL2G29310_NT9_v2_scaffold_2_copy_1"
"OG0000360","AL2G29370","AL2G29370_KN006_v1_scaffold_2_copy_1"
"OG0000360","AL2G29370","AL2G29370_NT1_v2_scaffold_2_copy_1"
"OG0000360","AL2G29390",NA
"OG0000360","AL5G35460","AL5G35460_BAM12_v2_scaffold_5_copy_1"
"OG0000360","AL5G35460","AL5G35460_NT8_v2_fix_scaffold_5_copy_1"
"OG0000360","AL5G35460","AL5G35460_NT9_v2_scaffold_5_copy_1"
"OG0000360","AL5G35460","AL5G35460_PU6_v3_fin_scaffold_5_copy_1"
"OG0000360","AL7G51140","AL7G51140_BAM12_v2_scaffold_7_copy_1"
"OG0000360","AL7G51140","AL7G51140_KN003hexa_v0_scaffold_7_copy_1"
"OG0000360","AL7G51140","AL7G51140_KN005_v1_scaffold_7_copy_1"
"OG0000360","AL7G51140","AL7G51140_KN006_v1_scaffold_7_copy_1"
"OG0000360","AL7G51140","AL7G51140_MN47_mabs_v3_scaffold_7_copy_1"
"OG0000360","AL7G51140","AL7G51140_WS1_v2_s_scaffold_7_copy_1"
"OG0000386","AL1G47530","AL1G47530_73_3a_scaffold_1_copy_1"
"OG0000386","AL1G47530","AL1G47530_AL27_v1_scaffold_1_copy_1"
"OG0000386","AL1G47530","AL1G47530_BAM12_v2_scaffold_1_copy_1"
"OG0000386","AL1G47530","AL1G47530_KN005_v1_scaffold_1_copy_1"
"OG0000386","AL1G47530","AL1G47530_MN47_mabs_v3_scaffold_1_copy_1"
"OG0000386","AL1G47530","AL1G47530_NT1_v2_scaffold_1_copy_1"
"OG0000386","AL1G47530","AL1G47530_NT12_v2_scaffold_1_copy_1"
"OG0000386","AL1G47530","AL1G47530_NT8_v2_fix_scaffold_1_copy_1"
"OG0000386","AL1G47530","AL1G47530_TE11_v2_scaffold_1_copy_1"
"OG0000386","AL1G47530","AL1G47530_TE4_v1_scaffold_1_copy_1"
"OG0000386","AL1G47540","AL1G47540_al1_v2_s_scaffold_1_copy_1"
"OG0000386","AL1G47540","AL1G47540_BAM12_v2_scaffold_1_copy_1"
"OG0000386","AL1G47540","AL1G47540_KN005_v1_scaffold_1_copy_2"
"OG0000386","AL3G41080","AL3G41080_73_3a_scaffold_3_copy_1"
"OG0000386","AL3G41080","AL3G41080_AL27_v1_scaffold_3_copy_1"
"OG0000386","AL3G41080","AL3G41080_KN006_v1_scaffold_3_copy_1"
"OG0000386","AL3G41080","AL3G41080_MN47_mabs_v3_scaffold_3_copy_1"
"OG0000386","AL3G41080","AL3G41080_NT12_v2_scaffold_3_copy_1"
"OG0000386","AL6G31890",NA
"OG0000386","AL6G31900","AL6G31900_WS1_v2_s_scaffold_6_copy_1"
"OG0000386","AL6G31950","AL6G31950_ALR_scaffold_6_copy_1"
"OG0000386","AL6G31950","AL6G31950_KN003hexa_v0_scaffold_6_copy_1"
"OG0000386","AL6G31950","AL6G31950_KN005_v1_scaffold_6_copy_1"
"OG0000386","AL6G31950","AL6G31950_KN006_v1_scaffold_6_copy_1"
"OG0000386","AL6G31950","AL6G31950_MN47_mabs_v3_scaffold_6_copy_1"
"OG0000386","AL6G32070","AL6G32070_73_3a_scaffold_6_copy_1"
"OG0000386","AL6G32070","AL6G32070_ALR_scaffold_6_copy_1"
"OG0000386","AL6G32070","AL6G32070_Nla_scaffold_6_copy_1"
"OG0000386","AL6G32070","AL6G32070_PU6_v3_fin_scaffold_6_copy_1"
"OG0000386","AL6G32090",NA
"OG0000386","AL6G32102","AL6G32102_al1_v2_s_scaffold_6_copy_1"
"OG0000386","AL6G32102","AL6G32102_BAM12_v2_scaffold_6_copy_1"
"OG0000386","AL6G32102","AL6G32102_NT12_v2_scaffold_6_copy_1"
"OG0000386","AL6G32102","AL6G32102_NT9_v2_scaffold_6_copy_1"
"OG0000386","AL6G32102","AL6G32102_TE4_v1_scaffold_6_copy_1"
"OG0000386","AL6G32102","AL6G32102_TE8_v1_scaffold_6_copy_1"
"OG0000386","AL6G40190",NA
"OG0000402","AL1G37820",NA
"OG0000402","AL1G37850",NA
"OG0000402","AL1G38110",NA
"OG0000402","AL1G38130","AL1G38130_MN47_mabs_v3_scaffold_1_copy_1"
"OG0000402","AL3G41480",NA
"OG0000402","AL3G41490",NA
"OG0000402","AL3G41560",NA
"OG0000442","AL1G35030",NA
"OG0000534","AL2G35840",NA
"OG0000739","AL1G65230",NA
"OG0000739","AL2G18220",NA
"OG0000739","AL2G18240",NA
"OG0000739","AL2G18250","AL2G18250_TE11_v2_scaffold_2_copy_1"
"OG0000739","AL2G18250","AL2G18250_TE8_v1_scaffold_2_copy_1"
"OG0001132","AL5G19550","AL5G19550_BAM12_v2_scaffold_5_copy_1"
"OG0001132","AL5G19550","AL5G19550_F1-14_scaffold_5_copy_1"
"OG0001132","AL5G19550","AL5G19550_KN005_v1_scaffold_5_copy_1"
"OG0001132","AL5G19550","AL5G19550_MN47_mabs_v3_scaffold_5_copy_1"
"OG0001132","AL5G19550","AL5G19550_TE11_v2_scaffold_5_copy_1"
"OG0001132","AL7G52290","AL7G52290_ALR_scaffold_5_copy_1"
"OG0001132","AL7G52290","AL7G52290_KN003hexa_v0_scaffold_7_copy_1"
"OG0001132","AL7G52290","AL7G52290_KN005_v1_scaffold_7_copy_1"
"OG0001132","AL7G52290","AL7G52290_MN47_mabs_v3_scaffold_7_copy_1"
"OG0001132","AL7G52290","AL7G52290_NT1_v2_scaffold_7_copy_1"
"OG0001132","AL7G52310","AL7G52310_TE11_v2_scaffold_7_copy_1"
"OG0001132","AL7G52360","AL7G52360_al1_v2_s_scaffold_8_copy_1"
"OG0001132","AL7G52360","AL7G52360_al1_v2_s_scaffold_7_copy_1"
"OG0001132","AL7G52360","AL7G52360_AL27_v1_scaffold_3_copy_1"
"OG0001132","AL7G52360","AL7G52360_AL27_v1_scaffold_7_copy_1"
"OG0001132","AL7G52360","AL7G52360_ALR_scaffold_5_copy_1"
"OG0001132","AL7G52360","AL7G52360_ALR_scaffold_5_copy_2"
"OG0001132","AL7G52360","AL7G52360_ALR_scaffold_5_copy_3"
"OG0001132","AL7G52360","AL7G52360_BAM12_v2_scaffold_7_copy_1"
"OG0001132","AL7G52360","AL7G52360_KN003hexa_v0_scaffold_7_copy_1"
"OG0001132","AL7G52360","AL7G52360_KN005_v1_scaffold_1_copy_1"
"OG0001132","AL7G52360","AL7G52360_KN006_v1_scaffold_7_copy_1"
"OG0001132","AL7G52360","AL7G52360_Nla_scaffold_7_copy_1"
"OG0001132","AL7G52360","AL7G52360_NT9_v2_scaffold_7_copy_1"
"OG0001132","AL7G52360","AL7G52360_TE11_v2_scaffold_7_copy_1"
"OG0001132","AL7G52360","AL7G52360_TE4_v1_scaffold_7_copy_1"
"OG0001132","AL7G52360","AL7G52360_TE4_v1_scaffold_7_copy_2"
"OG0001132","AL7G52360","AL7G52360_WS1_v2_s_scaffold_7_copy_1"
"OG0001132","AL7G52380","AL7G52380_al1_v2_s_scaffold_7_copy_1"
"OG0001132","AL7G52380","AL7G52380_ALR_scaffold_5_copy_2"
"OG0001132","AL7G52380","AL7G52380_ALR_scaffold_5_copy_3"
"OG0001132","AL7G52380","AL7G52380_ALR_scaffold_5_copy_4"
"OG0001132","AL7G52380","AL7G52380_BAM12_v2_scaffold_7_copy_1"
"OG0001132","AL7G52380","AL7G52380_KN006_v1_scaffold_7_copy_1"
"OG0001132","AL7G52380","AL7G52380_MN47_mabs_v3_scaffold_7_copy_2"
"OG0001132","AL7G52380","AL7G52380_PU6_v3_fin_scaffold_7_copy_1"
"OG0001132","AL7G52380","AL7G52380_TE4_v1_scaffold_7_copy_2"
"OG0001132","AL7G52410","AL7G52410_73_3a_scaffold_7_copy_1"
"OG0001132","AL7G52410","AL7G52410_73_3a_scaffold_7_copy_2"
"OG0001132","AL7G52410","AL7G52410_73_3a_scaffold_7_copy_3"
"OG0001132","AL7G52410","AL7G52410_AL27_v1_scaffold_7_copy_1"
"OG0001132","AL7G52410","AL7G52410_ALR_scaffold_7_copy_1"
"OG0001132","AL7G52410","AL7G52410_ALR_scaffold_2_copy_1"
"OG0001132","AL7G52410","AL7G52410_ALR_scaffold_5_copy_1"
"OG0001132","AL7G52410","AL7G52410_ALR_scaffold_5_copy_2"
"OG0001132","AL7G52410","AL7G52410_ALR_scaffold_5_copy_3"
"OG0001132","AL7G52410","AL7G52410_BAM12_v2_scaffold_7_copy_1"
"OG0001132","AL7G52410","AL7G52410_BAM12_v2_scaffold_7_copy_2"
"OG0001132","AL7G52410","AL7G52410_F1-14_scaffold_7_copy_1"
"OG0001132","AL7G52410","AL7G52410_KN003hexa_v0_scaffold_7_copy_1"
"OG0001132","AL7G52410","AL7G52410_KN006_v1_scaffold_7_copy_1"
"OG0001132","AL7G52410","AL7G52410_MN47_mabs_v3_scaffold_7_copy_2"
"OG0001132","AL7G52410","AL7G52410_Nla_scaffold_7_copy_1"
"OG0001132","AL7G52410","AL7G52410_Nla_scaffold_7_copy_2"
"OG0001132","AL7G52410","AL7G52410_Nla_scaffold_7_copy_3"
"OG0001132","AL7G52410","AL7G52410_Nla_scaffold_7_copy_4"
"OG0001132","AL7G52410","AL7G52410_NT1_v2_scaffold_4_copy_1"
"OG0001132","AL7G52410","AL7G52410_NT9_v2_scaffold_7_copy_1"
"OG0001132","AL7G52410","AL7G52410_PU6_v3_fin_scaffold_7_copy_1"
"OG0001132","AL7G52410","AL7G52410_TE11_v2_scaffold_7_copy_1"
"OG0001132","AL7G52410","AL7G52410_TE4_v1_scaffold_2_copy_1"
"OG0001132","AL7G52410","AL7G52410_TE4_v1_scaffold_7_copy_1"
"OG0001132","AL7G52410","AL7G52410_WS1_v2_s_scaffold_7_copy_2"
"OG0001132","AL7G52410","AL7G52410_WS1_v2_s_scaffold_7_copy_3"
"OG0001188","AL6G37940","AL6G37940_ALR_scaffold_6_copy_1"
"OG0001188","AL6G37940","AL6G37940_KN003hexa_v0_scaffold_6_copy_1"
"OG0001188","AL6G37940","AL6G37940_KN005_v1_scaffold_6_copy_1"
"OG0001188","AL6G37940","AL6G37940_KN006_v1_scaffold_6_copy_1"
"OG0001188","AL6G37960",NA
"OG0001188","AL6G37970",NA
"OG0001188","AL6G37980",NA
"OG0001188","AL8G21140","AL8G21140_73_3a_scaffold_8_copy_1"
"OG0001188","AL8G21140","AL8G21140_Nla_scaffold_8_copy_1"
"OG0001188","AL8G21140","AL8G21140_NT12_v2_scaffold_8_copy_1"
"OG0001188","AL8G21140","AL8G21140_TE4_v1_scaffold_8_copy_1"
"OG0001196","AL4G42570","AL4G42570_WS1_v2_s_scaffold_4_copy_1"
"OG0001196","AL4G42610","AL4G42610_PU6_v3_fin_scaffold_4_copy_1"
"OG0001392","AL6G30000","AL6G30000_F1-14_scaffold_6_copy_1"
"OG0001392","AL6G30000","AL6G30000_KN006_v1_scaffold_6_copy_1"
"OG0001392","AL6G30000","AL6G30000_NT1_v2_scaffold_6_copy_1"
"OG0001392","AL6G30010","AL6G30010_NT1_v2_scaffold_6_copy_1"
"OG0001392","AL6G30020","AL6G30020_al1_v2_s_scaffold_6_copy_1"
"OG0001392","AL6G30020","AL6G30020_NT1_v2_scaffold_6_copy_1"
"OG0001392","AL6G30020","AL6G30020_NT9_v2_scaffold_6_copy_1"
"OG0001392","AL6G30030",NA
"OG0001392","AL6G30040","AL6G30040_Nla_scaffold_6_copy_1"
"OG0001392","AL6G30050",NA
"OG0001392","AL6G30060",NA
"OG0001392","AL6G30070","AL6G30070_TE11_v2_scaffold_6_copy_1"
"OG0001392","AL6G30070","AL6G30070_TE4_v1_scaffold_6_copy_1"
"OG0001395","AL2G11060","AL2G11060_KN003hexa_v0_scaffold_2_copy_1"
"OG0001395","AL2G11060","AL2G11060_KN006_v1_scaffold_2_copy_1"
"OG0001395","AL2G11060","AL2G11060_MN47_mabs_v3_scaffold_2_copy_1"
"OG0001395","AL2G13760","AL2G13760_WS1_v2_s_scaffold_2_copy_1"
"OG0001395","AL6G43420",NA
"OG0001688","AL2G15130","AL2G15130_WS1_v2_s_scaffold_2_copy_1"
"OG0001688","AL3G47160","AL3G47160_al1_v2_s_scaffold_3_copy_1"
"OG0001688","AL3G47160","AL3G47160_KN003hexa_v0_scaffold_3_copy_1"
"OG0001688","AL3G47160","AL3G47160_MN47_mabs_v3_scaffold_3_copy_1"
"OG0001688","AL3G47160","AL3G47160_Nla_scaffold_3_copy_1"
"OG0001688","AL3G47160","AL3G47160_NT1_v2_scaffold_3_copy_1"
"OG0001688","AL3G47160","AL3G47160_PU6_v3_fin_scaffold_3_copy_1"
"OG0001688","AL3G47160","AL3G47160_TE4_v1_scaffold_7_copy_1"
"OG0001901","AL1G59830","AL1G59830_WS1_v2_s_scaffold_1_copy_1"
"OG0001901","AL1G59840",NA
"OG0001901","AL6G45960","AL6G45960_NT1_v2_scaffold_6_copy_1"
"OG0001901","AL6G45960","AL6G45960_TE11_v2_scaffold_6_copy_1"
"OG0001901","AL6G46350",NA
"OG0001901","AL6G46470",NA
"OG0001901","AL8G22560",NA
"OG0002370","AL7G50290",NA
"OG0002370","AL7G50310",NA
"OG0002370","AL7G50960",NA
"OG0002370","AL7G51070",NA
"OG0002883","AL5G13720",NA
"OG0002919","AL1G35130",NA
"OG0002919","AL1G35140",NA
"OG0002919","AL1G35260",NA
"OG0002919","AL1G35270","AL1G35270_KN003hexa_v0_scaffold_1_copy_1"
"OG0002919","AL1G35270","AL1G35270_KN005_v1_scaffold_1_copy_1"
"OG0002919","AL1G35270","AL1G35270_KN006_v1_scaffold_1_copy_1"
"OG0002919","AL1G35270","AL1G35270_MN47_mabs_v3_scaffold_1_copy_1"
"OG0002919","AL1G35270","AL1G35270_Nla_scaffold_1_copy_1"
"OG0002919","AL1G35270","AL1G35270_NT1_v2_scaffold_1_copy_1"
"OG0002919","AL1G35270","AL1G35270_TE8_v1_scaffold_1_copy_1"
"OG0002919","AL1G35280",NA
"OG0003680","AL4G38680",NA
"OG0004132","AL2G11030","AL2G11030_73_3a_scaffold_2_copy_1"
"OG0004132","AL2G11030","AL2G11030_Nla_scaffold_2_copy_1"
"OG0004132","AL2G11040","AL2G11040_KN005_v1_scaffold_2_copy_1"
"OG0004132","AL2G11070",NA
"OG0004132","AL2G11960",NA
"OG0004132","AL6G43560","AL6G43560_PU6_v3_fin_scaffold_6_copy_1"
"OG0004132","AL6G43560","AL6G43560_TE11_v2_scaffold_6_copy_1"
"OG0004872","AL8G19400","AL8G19400_KN003hexa_v0_scaffold_8_copy_1"
"OG0004872","AL8G19400","AL8G19400_KN006_v1_scaffold_8_copy_1"
"OG0004872","AL8G19400","AL8G19400_MN47_mabs_v3_scaffold_8_copy_1"
"OG0004872","AL8G19410","AL8G19410_73_3a_scaffold_8_copy_1"
"OG0004872","AL8G19420","AL8G19420_ALR_scaffold_8_copy_1"
"OG0004872","AL8G19420","AL8G19420_Nla_scaffold_8_copy_1"
"OG0004872","AL8G19430",NA
"OG0004872","AL8G19452",NA
